time_s,current_meas_a,terminal_meas_v,soc_est_percent,soc_raw_from_poly,ocv_pack_est_v,terminal_est_v,v1_est_v,power_est_w,dcir_drop_est_v,innovation_v,var_soc,var_v1
1,20.478386,54.941247,83.754565,21033.034716,55.989238,54.941264,0.25669,1125.108414,1.318808,-0.009752,1.15104e-05,0.0008584872
2,20.483303,54.852032,83.88771,21041.616584,56.011957,54.831838,0.388645,1123.137151,1.319125,0.043835,6.1389e-06,0.0004262603
3,20.480862,54.673299,83.680702,21028.273802,55.976637,54.727064,0.458192,1120.857451,1.318968,-0.089993,4.1522e-06,0.0003104154
4,20.549848,54.698991,83.692336,21029.023648,55.978621,54.692162,0.492413,1123.915624,1.32341,0.010259,3.1334e-06,0.0002758208
5,18.767456,54.786347,83.717697,21030.658371,55.982948,54.770853,0.486921,1027.90957,1.208624,0.021898,2.5295e-06,0.0002632882
6,18.834845,54.839556,83.79795,21035.8311,55.996641,54.787001,0.481862,1031.904665,1.212964,0.071412,2.139e-06,0.0002575691
7,18.898495,54.786866,83.798373,21035.858315,55.996713,54.782562,0.483913,1035.307976,1.217063,0.005693,1.8708e-06,0.0002543794
8,18.689252,54.730127,83.735168,21031.784424,55.985929,54.776974,0.486802,1023.740677,1.203588,-0.060784,1.6787e-06,0.0002523342
9,18.836951,54.845707,83.794524,21035.610224,55.996056,54.787368,0.480828,1032.026975,1.2131,0.074629,1.5367e-06,0.000250905
10,18.806249,54.774012,83.779382,21034.634241,55.993473,54.78336,0.483439,1030.269517,1.211122,-0.011833,1.429e-06,0.0002498551
11,16.079766,54.849196,83.719353,21030.76506,55.983231,54.906856,0.455052,882.889401,1.035537,-0.072388,1.346e-06,0.0002490569
12,15.953158,54.963636,83.737353,21031.925287,55.986302,54.938598,0.431274,876.444132,1.027383,0.031234,1.2811e-06,0.0002484361
13,16.131011,54.935547,83.730474,21031.481906,55.985128,54.937983,0.423843,886.205208,1.038837,-0.003024,1.2297e-06,0.0002479475
14,16.05649,54.963941,83.738505,21031.999538,55.986498,54.948644,0.417431,882.28236,1.034038,0.018911,1.1886e-06,0.000247558
15,15.117349,54.94873,83.701795,21029.63338,55.980235,54.988546,0.407554,831.281048,0.973557,-0.049069,1.1556e-06,0.0002472453
16,15.085238,54.935599,83.657107,21026.752983,55.972612,54.986569,0.403149,829.485486,0.971489,-0.062653,1.1289e-06,0.0002469919
17,14.607008,54.984172,83.631867,21025.126097,55.968306,55.011251,0.39264,803.549778,0.940691,-0.033215,1.1072e-06,0.0002467857
18,14.862628,55.059588,83.661083,21027.009291,55.97329,55.015322,0.383676,817.672269,0.957153,0.054205,1.0895e-06,0.0002466176
19,18.89964,54.760464,83.626302,21024.76743,55.967357,54.799479,0.437595,1035.690435,1.217137,-0.04771,1.075e-06,0.0002464807
20,18.927104,54.74644,83.604541,21023.36484,55.963645,54.768308,0.463993,1036.605466,1.218905,-0.026711,1.0631e-06,0.0002463679
21,18.787063,54.768626,83.602328,21023.222205,55.963267,54.764064,0.473271,1028.855928,1.209887,0.005567,1.0534e-06,0.0002462751
22,18.817163,54.817,83.632857,21025.189941,55.968475,54.767283,0.474096,1030.5649,1.211825,0.060623,1.0454e-06,0.0002461988
23,18.895762,54.789377,83.646349,21026.059564,55.970776,54.762919,0.477725,1034.787077,1.216887,0.032243,1.0387e-06,0.0002461364
24,18.897492,54.793198,83.661785,21027.054506,55.97341,54.763876,0.479335,1034.899905,1.216998,0.035714,1.0332e-06,0.0002460849
25,18.705952,54.731603,83.634281,21025.28168,55.968718,54.762404,0.483515,1024.382908,1.204663,-0.0375,1.0287e-06,0.0002460424
26,18.729505,54.791052,83.64626,21026.053851,55.970761,54.766406,0.480647,1025.747682,1.20618,0.029994,1.025e-06,0.0002460068
27,11.962483,55.23003,83.711901,21030.284777,55.981959,55.132373,0.387356,659.520074,0.770384,0.118817,1.0219e-06,0.0002459775
28,11.877106,55.101338,83.665792,21027.312774,55.974093,55.161635,0.353527,655.160581,0.764886,-0.073344,1.0193e-06,0.000245954
29,12.115271,55.249178,83.706952,21029.96577,55.981115,55.185703,0.327278,668.589746,0.780223,0.077194,1.0171e-06,0.0002459337
30,12.075854,55.230776,83.724373,21031.088625,55.984087,55.200944,0.316532,666.598537,0.777685,0.036274,1.0154e-06,0.0002459173
31,12.213952,55.189585,83.717105,21030.620171,55.982847,55.194793,0.316107,674.146554,0.786579,-0.006332,1.0139e-06,0.0002459038
32,11.786556,55.17011,83.686682,21028.659257,55.977657,55.208509,0.313716,650.718181,0.759054,-0.046679,1.0127e-06,0.0002458923
33,12.142934,55.125482,83.643262,21025.860593,55.97025,55.182322,0.318725,670.075296,0.782005,-0.069089,1.0117e-06,0.0002458824
34,12.00503,55.210523,83.650583,21026.332449,55.971499,55.195,0.312625,662.617626,0.773124,0.018867,1.0108e-06,0.0002458739
35,11.952661,55.233848,83.667273,21027.408225,55.974346,55.204943,0.307552,659.845968,0.769751,0.035129,1.0102e-06,0.0002458672
36,12.087117,55.313342,83.730476,21031.482006,55.985128,55.217841,0.300241,667.424502,0.77841,0.116059,1.0096e-06,0.0002458619
37,12.092995,55.166305,83.700899,21029.575594,55.980082,55.203511,0.309298,667.575781,0.778789,-0.045213,1.0091e-06,0.0002458582
38,11.91573,55.154647,83.665037,21027.264118,55.973964,55.200942,0.312599,657.75952,0.767373,-0.056256,1.0087e-06,0.0002458544
39,12.142841,55.167308,83.647571,21026.138347,55.970985,55.187181,0.314604,670.12917,0.781999,-0.024148,1.0084e-06,0.0002458508
40,11.989461,55.232524,83.665411,21027.288251,55.974028,55.201892,0.308863,661.840936,0.772121,0.03722,1.0081e-06,0.0002458479
41,11.891481,55.179779,83.646655,21026.079325,55.970829,55.201618,0.309724,656.428987,0.765811,-0.026535,1.0079e-06,0.0002458458
42,11.723807,55.139737,83.602116,21023.208494,55.963231,55.198604,0.311619,647.137777,0.755013,-0.071524,1.0077e-06,0.0002458439
43,11.91484,55.214046,83.610733,21023.763942,55.964701,55.196646,0.307665,657.659207,0.767316,0.021141,1.0076e-06,0.0002458418
44,12.179024,55.191731,83.61222,21023.859779,55.964954,55.18444,0.309917,672.092617,0.784329,0.008859,1.0074e-06,0.0002458405
45,12.039205,55.200448,83.615158,21024.049172,55.965456,55.191134,0.309127,664.45738,0.775325,0.011316,1.0073e-06,0.0002458395
46,12.162711,55.236113,83.641643,21025.756228,55.969974,55.192984,0.307022,671.296313,0.783279,0.0524,1.0073e-06,0.0002458388
47,12.041054,55.140293,83.606371,21023.482809,55.963957,55.185767,0.312923,664.494804,0.775444,-0.05525,1.0072e-06,0.0002458385
48,12.135508,55.209288,83.618643,21024.273791,55.96605,55.186546,0.310588,669.716774,0.781527,0.02763,1.0071e-06,0.0002458376
49,12.184041,55.188135,83.618297,21024.251499,55.965991,55.183467,0.311732,672.35763,0.784652,0.005671,1.0071e-06,0.0002458372
50,12.292965,55.171082,83.611706,21023.82663,55.964867,55.175326,0.314541,678.268349,0.791667,-0.005156,1.0071e-06,0.0002458368
51,12.238959,55.194177,83.618269,21024.249665,55.965986,55.179576,0.313497,675.340572,0.788189,0.017739,1.007e-06,0.0002458365
52,11.92256,55.131394,83.578645,21021.695692,55.959227,55.183172,0.315367,657.924684,0.767813,-0.062907,1.007e-06,0.0002458363
53,11.977345,55.258377,83.617914,21024.226791,55.965926,55.196973,0.306148,661.113186,0.771341,0.074601,1.007e-06,0.0002458356
54,12.122456,55.22105,83.633427,21025.22669,55.968572,55.193661,0.3065,669.082723,0.780686,0.033276,1.007e-06,0.0002458357
55,11.643619,55.22155,83.633878,21025.255764,55.968649,55.215968,0.302772,642.913692,0.749849,0.006782,1.0069e-06,0.0002458359
56,12.083378,55.1579,83.609459,21023.681798,55.964483,55.187805,0.309777,666.855108,0.77817,-0.036332,1.0069e-06,0.0002458359
57,11.905892,55.184676,83.599694,21023.052393,55.962818,55.193636,0.309138,657.129472,0.766739,-0.010886,1.0069e-06,0.0002458356
58,12.258731,55.131432,83.570412,21021.165008,55.957823,55.16824,0.315906,676.29261,0.789462,-0.044718,1.0069e-06,0.0002458353
59,11.935829,55.251671,83.605586,21023.432181,55.963823,55.196153,0.30647,658.811842,0.768667,0.06745,1.0069e-06,0.0002458348
60,11.933077,55.164765,83.584592,21022.07897,55.960242,55.189822,0.309326,658.584391,0.76849,-0.030442,1.0069e-06,0.000245835
61,20.514666,54.684897,83.540847,21019.259408,55.95278,54.738952,0.421141,1122.951322,1.321144,-0.065672,1.0069e-06,0.0002458348
62,20.532992,54.630747,83.503789,21016.870789,55.94646,54.675207,0.477858,1122.645588,1.322325,-0.054014,1.0069e-06,0.0002458342
63,20.63278,54.662269,83.508053,21017.14564,55.947187,54.647404,0.502532,1127.527865,1.328751,0.018059,1.0069e-06,0.0002458336
64,20.842515,54.6607,83.52437,21018.197397,55.94997,54.628454,0.516161,1138.594382,1.342258,0.039175,1.007e-06,0.0002458334
65,19.004853,54.660141,83.489317,21015.938016,55.943991,54.70237,0.507274,1039.6105,1.223913,-0.051304,1.007e-06,0.0002458336
66,18.781679,54.747653,83.498795,21016.548912,55.945608,54.726094,0.49379,1027.847929,1.20954,0.026192,1.007e-06,0.0002458333
67,19.061858,54.650168,83.455591,21013.764218,55.93824,54.704066,0.497623,1042.761143,1.227584,-0.06548,1.007e-06,0.0002458334
68,18.948593,54.764716,83.480172,21015.348554,55.942432,54.721418,0.48884,1036.893879,1.220289,0.052602,1.007e-06,0.000245833
69,19.030032,54.770786,83.505614,21016.988417,55.946771,54.726221,0.48523,1041.44173,1.225534,0.054142,1.007e-06,0.0002458331
70,18.807811,54.708633,83.485374,21015.683861,55.943319,54.729694,0.486891,1029.345736,1.211223,-0.025587,1.007e-06,0.0002458335
71,15.812773,54.887223,83.482932,21015.526472,55.942903,54.884023,0.447874,867.868591,1.018343,0.003888,1.007e-06,0.0002458335
72,15.971245,54.995809,83.536151,21018.956698,55.951979,54.912694,0.422156,877.024091,1.028548,0.100976,1.007e-06,0.0002458335
73,15.908346,54.919327,83.530871,21018.616398,55.951079,54.920157,0.416223,873.688862,1.024497,-0.001009,1.007e-06,0.0002458341
74,15.76465,54.887512,83.501923,21016.750538,55.946141,54.922354,0.414641,865.831691,1.015243,-0.04233,1.007e-06,0.0002458343
75,15.039172,55.001358,83.519557,21017.887179,55.949149,54.969686,0.39835,826.698559,0.968523,0.038479,1.007e-06,0.000245834
76,15.217215,54.964893,83.514924,21017.58853,55.948359,54.965089,0.395277,836.415577,0.979989,-0.000238,1.007e-06,0.0002458341
77,14.832413,54.993189,83.514878,21017.585581,55.948351,54.986967,0.388259,815.589406,0.955207,0.007559,1.007e-06,0.0002458341
78,15.077548,54.996152,83.521603,21018.019002,55.949498,54.980114,0.386787,828.965315,0.970994,0.019484,1.007e-06,0.000245834
79,18.694957,54.83387,83.539375,21019.164479,55.952529,54.800452,0.429704,1024.492087,1.203955,0.0406,1.007e-06,0.0002458341
80,18.813184,54.787324,83.544783,21019.51308,55.953452,54.771591,0.454919,1030.428029,1.211569,0.019114,1.007e-06,0.0002458343
81,18.991111,54.769569,83.552079,21019.98339,55.954696,54.751053,0.469827,1039.783316,1.223028,0.022496,1.007e-06,0.0002458345
82,18.842977,54.839492,83.598867,21022.999074,55.962677,54.764392,0.470192,1031.924178,1.213488,0.09124,1.007e-06,0.0002458346
83,18.836555,54.71287,83.568336,21021.031204,55.957469,54.748678,0.480947,1031.276477,1.213074,-0.043504,1.007e-06,0.0002458351
84,18.816795,54.799197,83.592924,21022.616021,55.961663,54.755951,0.478631,1030.331501,1.211802,0.052541,1.007e-06,0.000245835
85,18.817807,54.749227,83.585779,21022.155493,55.960444,54.751499,0.481825,1030.303143,1.211867,-0.00276,1.007e-06,0.0002458351
86,18.97936,54.696229,83.554564,21020.143545,55.95512,54.732959,0.488798,1038.796542,1.222271,-0.044624,1.007e-06,0.0002458351
87,11.741015,55.084,83.540346,21019.227114,55.952695,55.099418,0.399604,646.923096,0.756121,-0.018732,1.007e-06,0.0002458347
88,12.03446,55.081668,83.508445,21017.170901,55.947254,55.122331,0.359912,663.367482,0.775019,-0.049401,1.007e-06,0.0002458344
89,12.130663,55.16425,83.518155,21017.79678,55.94891,55.145177,0.335004,668.94756,0.781215,0.023172,1.007e-06,0.0002458339
90,11.850751,55.170683,83.515125,21017.601456,55.948393,55.170006,0.320474,653.806009,0.763188,0.000822,1.007e-06,0.0002458338
91,11.970584,55.075923,83.457226,21013.869553,55.938518,55.153908,0.322067,660.224484,0.770906,-0.094743,1.007e-06,0.0002458338
92,12.067943,55.150241,83.450937,21013.464219,55.937446,55.154147,0.316994,665.597098,0.777176,-0.004745,1.007e-06,0.0002458331
93,11.888208,55.179601,83.455385,21013.750934,55.938205,55.168179,0.310665,655.850792,0.765601,0.013876,1.007e-06,0.0002458329
94,12.073214,55.124772,83.431458,21012.208687,55.934124,55.15398,0.313635,665.885804,0.777515,-0.035484,1.007e-06,0.0002458329
95,12.060053,55.204208,83.455941,21013.78674,55.938299,55.163971,0.308328,665.280416,0.776667,0.048883,1.0071e-06,0.0002458326
96,11.8931,55.172105,83.453188,21013.609312,55.93783,55.171012,0.307268,656.154364,0.765916,0.001328,1.0071e-06,0.0002458329
97,12.000413,55.265865,83.507313,21017.097937,55.947061,55.183133,0.300232,662.220389,0.772827,0.10051,1.0071e-06,0.000245833
98,11.720655,55.186779,83.50055,21016.662025,55.945907,55.191512,0.301509,646.880667,0.75481,-0.00575,1.0071e-06,0.0002458337
99,11.954063,55.146429,83.478464,21015.238455,55.94214,55.173043,0.307192,659.542037,0.769842,-0.032334,1.0071e-06,0.0002458339
100,12.285238,55.15042,83.47214,21014.830848,55.941062,55.154284,0.312076,677.583505,0.791169,-0.004694,1.0071e-06,0.0002458337
101,12.336142,55.128144,83.456573,21013.827483,55.938407,55.145246,0.316493,680.27958,0.794448,-0.020777,1.0071e-06,0.0002458336
102,12.052577,55.125108,83.433838,21012.362084,55.93453,55.152613,0.316205,664.731117,0.776186,-0.033416,1.0071e-06,0.0002458333
103,11.896397,55.152172,83.424228,21011.742655,55.932891,55.160916,0.312299,656.216153,0.766128,-0.010623,1.0071e-06,0.000245833
104,11.957614,55.158569,83.419858,21011.461029,55.932146,55.159768,0.310336,659.579214,0.77007,-0.001457,1.0071e-06,0.0002458328
105,11.684246,55.247964,83.458677,21013.96308,55.938766,55.187322,0.299964,644.822251,0.752465,0.073673,1.0071e-06,0.0002458327
106,11.97495,55.234381,83.491308,21016.066347,55.944331,55.182495,0.299124,660.80762,0.771187,0.063036,1.0071e-06,0.0002458332
107,11.848933,55.161258,83.474873,21015.00705,55.941528,55.17981,0.303875,653.821872,0.763071,-0.022539,1.0071e-06,0.0002458337
108,12.474741,55.10254,83.445964,21013.143654,55.936598,55.138722,0.315852,687.841278,0.803373,-0.043958,1.0071e-06,0.0002458337
109,11.775705,55.118097,83.411999,21010.954462,55.930806,55.161829,0.313963,649.569427,0.758355,-0.053129,1.0071e-06,0.0002458334
110,12.070873,55.179484,83.424612,21011.767445,55.932957,55.156272,0.310266,665.784351,0.777364,0.0282,1.0071e-06,0.0002458329
111,12.193555,55.131362,83.410861,21010.88109,55.930612,55.14592,0.313532,672.424811,0.785265,-0.017687,1.0071e-06,0.0002458329
112,11.759662,55.121857,83.381339,21008.978227,55.925577,55.159224,0.31196,648.653825,0.757322,-0.045396,1.0071e-06,0.0002458327
113,12.186033,55.166287,83.39214,21009.674428,55.927419,55.145625,0.310926,672.0064,0.784781,0.025102,1.0072e-06,0.0002458324
114,11.706459,55.140646,83.372915,21008.435274,55.924141,55.163264,0.30854,645.766485,0.753896,-0.027478,1.0072e-06,0.0002458324
115,12.209725,55.248122,83.431177,21012.190539,55.934076,55.159363,0.302929,673.480656,0.786306,0.107831,1.0072e-06,0.0002458322
116,12.084253,55.156655,83.425953,21011.853894,55.933185,55.159025,0.307225,666.555611,0.778226,-0.002879,1.0072e-06,0.0002458328
117,11.813969,55.098423,83.381229,21008.971121,55.925558,55.157573,0.311494,651.629853,0.76082,-0.07186,1.0072e-06,0.0002458331
118,12.007037,55.16514,83.386038,21009.28109,55.926379,55.153151,0.309276,662.22592,0.773253,0.014566,1.0072e-06,0.0002458326
119,12.087028,55.115465,83.363548,21007.831513,55.922544,55.142604,0.312897,666.510202,0.778405,-0.032971,1.0072e-06,0.0002458325
120,11.827209,55.099882,83.327825,21005.528952,55.916452,55.146117,0.313332,652.22465,0.761672,-0.056169,1.0072e-06,0.0002458323
121,20.326454,54.734927,83.333616,21005.90221,55.91744,54.718001,0.414024,1112.222933,1.309024,0.020563,1.0072e-06,0.0002458318
122,20.153158,54.630359,83.303463,21003.958713,55.912298,54.665073,0.468507,1101.673856,1.297863,-0.042173,1.0072e-06,0.0002458317
123,20.567482,54.694006,83.340882,21006.370549,55.918679,54.631602,0.492349,1123.634497,1.324546,0.075812,1.0073e-06,0.0002458314
124,20.510695,54.652518,83.356209,21007.358476,55.921292,54.621836,0.506923,1120.331812,1.320889,0.037275,1.0073e-06,0.0002458317
125,18.740149,54.64388,83.317856,21004.886405,55.914753,54.690954,0.499679,1024.916636,1.206866,-0.057189,1.0073e-06,0.0002458321
126,18.698841,54.763659,83.348646,21006.87101,55.920003,54.71156,0.48592,1023.042753,1.204205,0.063294,1.0073e-06,0.0002458318
127,18.949133,54.71438,83.351379,21007.047175,55.920469,54.702427,0.485847,1036.563558,1.220324,0.014522,1.0073e-06,0.0002458321
128,19.29954,54.689328,83.349645,21006.935365,55.920173,54.683635,0.490804,1055.369003,1.24289,0.006916,1.0073e-06,0.0002458322
129,18.893052,54.706344,83.347476,21006.795571,55.919803,54.701446,0.488329,1033.477268,1.216713,0.00595,1.0073e-06,0.0002458323
130,18.766717,54.806322,83.398482,21010.083189,55.928501,54.725198,0.478157,1027.012297,1.208577,0.098556,1.0073e-06,0.0002458323
131,16.225991,54.763276,83.342869,21006.498609,55.919017,54.83617,0.455875,889.771203,1.044954,-0.088558,1.0073e-06,0.0002458329
132,15.940023,54.872011,83.340208,21006.327086,55.918564,54.869071,0.43357,874.614256,1.026537,0.003572,1.0073e-06,0.0002458325
133,16.117477,54.791684,83.290308,21003.110802,55.910056,54.856435,0.430841,884.147327,1.037966,-0.078663,1.0073e-06,0.0002458323
134,15.661666,54.767766,83.217504,20998.41822,55.897643,54.865575,0.426901,859.286316,1.008611,-0.118823,1.0073e-06,0.0002458316
135,14.989333,54.910799,83.213166,20998.138596,55.896904,54.910668,0.407048,823.07429,0.965313,0.000159,1.0073e-06,0.0002458306
136,15.051783,54.884416,83.190084,20996.650827,55.892969,54.911151,0.400217,826.510728,0.969335,-0.032478,1.0074e-06,0.0002458302
137,14.816364,54.824944,83.126278,20992.538186,55.882092,54.910209,0.399378,813.569646,0.954174,-0.103582,1.0074e-06,0.0002458299
138,15.049378,54.945872,83.144623,20993.720584,55.885219,54.913169,0.390542,826.409031,0.96918,0.039728,1.0074e-06,0.0002458292
139,18.948949,54.772541,83.17258,20995.522597,55.889985,54.724396,0.433402,1036.96978,1.220312,0.058488,1.0075e-06,0.0002458292
140,18.771393,54.775597,83.207018,20997.742285,55.895855,54.718233,0.452296,1027.137454,1.208878,0.069688,1.0075e-06,0.0002458296
141,18.779545,54.661865,83.178633,20995.912741,55.891017,54.694623,0.470751,1027.140142,1.209403,-0.039796,1.0075e-06,0.0002458302
142,18.721913,54.658414,83.154805,20994.376915,55.886955,54.684661,0.478879,1023.801459,1.205691,-0.031885,1.0075e-06,0.0002458302
143,18.475139,54.691286,83.147384,20993.898546,55.88569,54.694101,0.477709,1010.481114,1.189799,-0.003419,1.0075e-06,0.00024583
144,18.837483,54.662748,83.134512,20993.068896,55.883495,54.673229,0.482387,1029.906013,1.213134,-0.012732,1.0075e-06,0.0002458299
145,18.692924,54.697651,83.140097,20993.428874,55.884447,54.681713,0.480439,1022.161113,1.203824,0.019361,1.0075e-06,0.0002458297
146,19.057531,54.679588,83.144807,20993.732447,55.88525,54.664752,0.484116,1041.775199,1.227305,0.018024,1.0076e-06,0.0002458298
147,11.923855,54.995259,83.123701,20992.372113,55.881653,55.020482,0.400433,656.056248,0.767896,-0.030642,1.0076e-06,0.0002458299
148,11.989537,55.004634,83.087299,20990.025761,55.875448,55.051775,0.360397,660.045298,0.772126,-0.057269,1.0076e-06,0.0002458298
149,11.981211,55.092735,83.09297,20990.391307,55.876414,55.079519,0.333942,659.919333,0.77159,0.016056,1.0076e-06,0.0002458294
150,12.276702,55.14775,83.130458,20992.807608,55.882804,55.088764,0.319669,676.308337,0.79062,0.071658,1.0076e-06,0.0002458293
151,12.155104,55.070231,83.112057,20991.621585,55.879668,55.091475,0.31852,669.642607,0.782789,-0.025808,1.0076e-06,0.0002458298
152,12.100488,55.051337,83.082688,20989.728552,55.874662,55.088341,0.318758,666.595804,0.779271,-0.044953,1.0076e-06,0.0002458298
153,12.046794,55.130196,83.099947,20990.840982,55.877604,55.100328,0.311787,663.782302,0.775814,0.036284,1.0076e-06,0.0002458295
154,11.885039,55.209423,83.154219,20994.339108,55.886855,55.126527,0.301089,655.180927,0.765397,0.100705,1.0076e-06,0.0002458296
155,12.085106,55.014123,83.093785,20990.443825,55.876553,55.09569,0.313895,665.837251,0.778281,-0.099091,1.0076e-06,0.0002458303
156,12.082929,55.088495,83.08565,20989.919516,55.875167,55.095043,0.31324,665.709489,0.778141,-0.007954,1.0076e-06,0.0002458298
157,12.000206,55.131658,83.100478,20990.875211,55.877694,55.105299,0.308707,661.274941,0.772813,0.032021,1.0077e-06,0.0002458296
158,12.05858,55.005863,83.042037,20987.108373,55.867733,55.084589,0.317201,664.241921,0.776573,-0.095638,1.0077e-06,0.0002458297
159,11.826252,55.145876,83.065392,20988.613749,55.871714,55.107355,0.307392,651.713466,0.761611,0.046796,1.0077e-06,0.0002458291
160,12.195181,55.201813,83.126406,20992.546409,55.882114,55.109113,0.301779,672.065604,0.78537,0.112615,1.0077e-06,0.0002458292
161,12.270475,55.003281,83.068068,20988.786258,55.87217,55.081762,0.316276,675.879389,0.790219,-0.095342,1.0077e-06,0.0002458299
162,12.115422,55.009643,83.018851,20985.613943,55.863781,55.075115,0.320527,667.258255,0.780233,-0.079536,1.0077e-06,0.0002458296
163,12.24204,55.117523,83.041283,20987.059761,55.867605,55.08015,0.314422,674.2934,0.788387,0.045401,1.0077e-06,0.0002458289
164,11.828825,55.204747,83.097748,20990.699282,55.877229,55.118726,0.301437,651.989759,0.761776,0.104501,1.0077e-06,0.0002458289
165,12.096596,55.00909,83.040388,20987.002084,55.867452,55.086245,0.313794,666.356055,0.779021,-0.093731,1.0077e-06,0.0002458296
166,12.04402,55.066487,83.023685,20985.92555,55.864605,55.085343,0.313882,663.448967,0.775635,-0.022906,1.0077e-06,0.0002458292
167,12.016694,55.07918,83.01513,20985.374132,55.863147,55.086359,0.312463,661.955919,0.773875,-0.008721,1.0077e-06,0.0002458289
168,12.206024,55.030671,82.984669,20983.410743,55.857956,55.069197,0.317118,672.175943,0.786068,-0.046802,1.0077e-06,0.0002458287
169,12.047611,55.19194,83.04648,20987.394783,55.86849,55.098153,0.304818,663.801109,0.775866,0.113934,1.0078e-06,0.0002458284
170,11.875956,55.111159,83.047281,20987.446354,55.868627,55.104977,0.304763,654.424281,0.764812,0.00751,1.0078e-06,0.000245829
171,12.0303,55.065537,83.026298,20986.093965,55.865051,55.090537,0.309663,662.755685,0.774751,-0.03037,1.0078e-06,0.0002458292
172,12.097184,55.10427,83.032984,20986.524857,55.86619,55.089551,0.309204,666.428437,0.779059,0.017881,1.0078e-06,0.0002458291
173,11.858435,55.186914,83.079355,20989.513739,55.874094,55.115365,0.300519,653.581971,0.763683,0.08692,1.0078e-06,0.0002458291
174,12.118742,55.089853,83.070512,20988.943752,55.872586,55.097401,0.306917,667.711189,0.780447,-0.00917,1.0078e-06,0.0002458297
175,11.904499,55.058386,83.040127,20986.985308,55.867408,55.096926,0.310492,655.901296,0.76665,-0.046819,1.0078e-06,0.0002458298
176,12.184641,55.089676,83.039875,20986.969049,55.867365,55.084872,0.311678,671.189395,0.784691,0.005835,1.0078e-06,0.0002458295
177,12.068916,55.087172,83.035193,20986.667244,55.866567,55.088773,0.311451,664.861774,0.777238,-0.001945,1.0078e-06,0.0002458293
178,12.092461,55.089992,83.033205,20986.539097,55.866228,55.087718,0.311257,666.14608,0.778754,0.002763,1.0078e-06,0.0002458292
179,12.114578,55.086026,83.029722,20986.314608,55.865634,55.085887,0.31164,667.342272,0.780179,0.000169,1.0078e-06,0.0002458292
180,12.124438,55.128201,83.051179,20987.697661,55.869291,55.092278,0.308525,667.962914,0.780814,0.043639,1.0078e-06,0.0002458291
181,20.482509,54.615579,83.018674,20985.602515,55.863751,54.653526,0.418781,1119.441347,1.319074,-0.046099,1.0078e-06,0.0002458293
182,20.358982,54.565798,82.989671,20983.733106,55.858808,54.598775,0.473362,1111.575473,1.311118,-0.040061,1.0078e-06,0.000245829
183,20.352327,54.617008,83.008774,20984.964391,55.862064,54.580974,0.494676,1110.849825,1.31069,0.043775,1.0078e-06,0.0002458286
184,20.49301,54.636771,83.047722,20987.474805,55.868702,54.572209,0.504644,1118.348817,1.31975,0.078431,1.0078e-06,0.0002458287
185,19.141899,54.638124,83.047261,20987.445062,55.868623,54.630672,0.498309,1045.734797,1.232738,0.009053,1.0078e-06,0.0002458292
186,18.567797,54.624033,83.020186,20985.700011,55.864009,54.655,0.491549,1014.822948,1.195766,-0.03762,1.0078e-06,0.0002458294
187,18.788698,54.571402,82.969997,20982.465037,55.855455,54.635438,0.494023,1026.528738,1.209992,-0.077791,1.0078e-06,0.0002458292
188,18.762426,54.661107,82.976153,20982.861799,55.856505,54.644321,0.487203,1025.260032,1.2083,0.020391,1.0078e-06,0.0002458285
189,18.731086,54.608357,82.948519,20981.080607,55.851795,54.640061,0.487965,1023.467682,1.206282,-0.038514,1.0078e-06,0.0002458283
190,18.686186,54.735662,82.995549,20984.111991,55.85981,54.660266,0.47751,1021.391893,1.20339,0.091591,1.0078e-06,0.000245828
191,15.976053,54.747569,82.962877,20982.006137,55.854242,54.787666,0.449262,875.290655,1.028858,-0.04871,1.0078e-06,0.0002458285
192,15.944065,54.854126,82.985291,20983.450788,55.858062,54.815212,0.426771,873.977303,1.026798,0.047273,1.0078e-06,0.0002458283
193,15.897297,54.839014,82.988855,20983.680526,55.858669,54.827161,0.417236,871.603669,1.023786,0.014399,1.0078e-06,0.0002458285
194,16.109183,54.856356,83.005378,20984.745552,55.861485,54.825823,0.413203,883.199219,1.037431,0.037092,1.0078e-06,0.0002458287
195,15.209954,54.844251,82.985986,20983.495579,55.85818,54.865623,0.404845,834.503599,0.979521,-0.025963,1.0078e-06,0.0002458289
196,15.16991,54.839074,82.961891,20981.942578,55.854074,54.867208,0.400701,832.330607,0.976942,-0.034177,1.0078e-06,0.0002458288
197,14.940519,54.941717,82.991155,20983.828737,55.859061,54.893402,0.388358,820.135911,0.962169,0.058694,1.0079e-06,0.0002458285
198,15.123356,54.883291,82.985715,20983.478157,55.858134,54.884683,0.389085,830.040596,0.973944,-0.001691,1.0079e-06,0.0002458287
199,18.621288,54.716901,82.987328,20983.582105,55.858409,54.706693,0.432189,1018.709094,1.199211,0.0124,1.0079e-06,0.0002458287
200,18.705444,54.617758,82.947041,20980.985341,55.851543,54.667623,0.461142,1022.582159,1.204631,-0.060576,1.0079e-06,0.0002458288
201,18.70278,54.663049,82.945134,20980.862436,55.851218,54.657856,0.470687,1022.25385,1.204459,0.006309,1.0079e-06,0.0002458283
202,18.481845,54.661511,82.938914,20980.46157,55.850158,54.662598,0.473422,1010.265669,1.190231,-0.001321,1.0079e-06,0.0002458281
203,18.826086,54.610062,82.914604,20978.894632,55.846016,54.636957,0.481618,1028.60006,1.2124,-0.032672,1.0079e-06,0.000245828
204,18.955539,54.667252,82.931666,20979.994416,55.848923,54.634736,0.481745,1035.630876,1.220737,0.0395,1.0079e-06,0.0002458278
205,18.709057,54.601379,82.902129,20978.090539,55.84389,54.635822,0.485149,1022.184717,1.204863,-0.041842,1.0079e-06,0.0002458279
206,18.904273,54.557692,82.857096,20975.187951,55.836217,54.614284,0.491471,1032.443343,1.217435,-0.068748,1.0079e-06,0.0002458276
207,11.950107,54.949099,82.840571,20974.122809,55.833401,54.967742,0.403907,656.870398,0.769587,-0.022647,1.0079e-06,0.0002458271
208,12.010482,55.034249,82.850479,20974.761425,55.835089,55.014941,0.356063,660.755962,0.773475,0.023454,1.008e-06,0.0002458267
209,12.005518,55.102239,82.884191,20976.934394,55.840833,55.048783,0.328158,660.88915,0.773155,0.064938,1.008e-06,0.0002458268
210,12.034209,55.040647,82.871881,20976.14095,55.838736,55.053205,0.320529,662.521777,0.775003,-0.015256,1.008e-06,0.0002458272
211,11.818372,55.097792,82.885037,20976.988916,55.840978,55.073908,0.310408,650.883932,0.761103,0.029014,1.008e-06,0.0002458273
212,12.079222,55.136668,82.923823,20979.488905,55.847587,55.075906,0.30494,665.274092,0.777902,0.073814,1.008e-06,0.0002458275
213,11.887882,55.066401,82.911318,20978.682841,55.845456,55.079301,0.306807,654.77623,0.76558,-0.015671,1.008e-06,0.0002458281
214,11.991196,55.060895,82.900432,20977.981185,55.843601,55.071428,0.308833,660.372282,0.772233,-0.012795,1.008e-06,0.0002458281
215,12.001559,54.979355,82.84472,20974.390245,55.834108,55.05419,0.316178,660.736109,0.7729,-0.090909,1.008e-06,0.000245828
216,12.123748,55.097348,82.86788,20975.883018,55.838054,55.058982,0.310611,667.521217,0.780769,0.046607,1.008e-06,0.0002458274
217,12.169571,55.176671,82.933986,20980.143898,55.849319,55.076676,0.30241,670.259525,0.78372,0.121473,1.008e-06,0.0002458274
218,11.952155,55.061836,82.918991,20979.177435,55.846763,55.078278,0.306654,658.304119,0.769719,-0.019974,1.008e-06,0.0002458282
219,12.001468,55.160177,82.964581,20982.115931,55.854532,55.089691,0.301105,661.157165,0.772895,0.085627,1.008e-06,0.0002458283
220,11.740317,55.086767,82.954352,20981.456622,55.852789,55.096463,0.302681,646.849938,0.756076,-0.011779,1.008e-06,0.0002458288
221,11.779375,54.932803,82.858372,20975.270202,55.836434,55.065491,0.315788,648.637065,0.758592,-0.161189,1.008e-06,0.0002458289
222,11.696875,54.992193,82.807326,20971.980018,55.827736,55.06047,0.3153,644.035431,0.753279,-0.082941,1.008e-06,0.0002458278
223,12.160354,55.017261,82.788996,20970.798557,55.824613,55.038405,0.316333,669.286484,0.783127,-0.025684,1.008e-06,0.0002458268
224,11.965881,55.0019,82.758291,20968.819423,55.819382,55.040882,0.316138,658.612646,0.770603,-0.047354,1.008e-06,0.0002458263
225,12.091643,55.004374,82.735608,20967.357425,55.815518,55.031792,0.316505,665.424785,0.778702,-0.033306,1.0081e-06,0.0002458258
226,12.197648,55.009213,82.721111,20966.423019,55.813048,55.024842,0.316889,671.17365,0.785529,-0.018985,1.0081e-06,0.0002458254
227,11.885276,55.064401,82.73072,20967.042368,55.814685,55.045575,0.309863,654.231849,0.765412,0.022869,1.0081e-06,0.0002458252
228,12.003707,55.128894,82.777771,20970.075028,55.822701,55.0563,0.302578,660.879693,0.773039,0.088184,1.0081e-06,0.0002458254
229,12.018061,54.996664,82.742621,20967.809439,55.816713,55.041995,0.31034,661.498051,0.773963,-0.055067,1.0082e-06,0.000245826
230,11.91595,55.027812,82.728097,20966.8733,55.814238,55.043598,0.310209,655.896756,0.767387,-0.019176,1.0082e-06,0.0002458259
231,12.108756,55.075037,82.747662,20968.13429,55.817571,55.041835,0.307854,666.488148,0.779804,0.040333,1.0082e-06,0.0002458258
232,11.982091,55.098724,82.774527,20969.865914,55.822148,55.055103,0.304057,659.675254,0.771647,0.05299,1.0082e-06,0.000245826
233,11.920726,55.047827,82.766656,20969.358601,55.820807,55.054065,0.306126,656.284418,0.767695,-0.007577,1.0082e-06,0.0002458264
234,12.027114,55.130444,82.810668,20972.195387,55.828306,55.062207,0.301371,662.239444,0.774546,0.082893,1.0082e-06,0.0002458265
235,11.98522,55.035891,82.793499,20971.088764,55.825381,55.055439,0.306833,659.851544,0.771848,-0.023746,1.0082e-06,0.0002458271
236,11.843124,55.087129,82.804886,20971.82272,55.827321,55.065773,0.303929,652.150782,0.762697,0.025942,1.0082e-06,0.0002458271
237,11.911853,55.069407,82.806135,20971.903205,55.827533,55.062566,0.304693,655.897195,0.767123,0.00831,1.0082e-06,0.0002458272
238,11.714759,55.103778,82.821475,20972.891959,55.830147,55.076807,0.300682,645.211516,0.75443,0.032765,1.0082e-06,0.0002458272
239,11.800209,55.012147,82.784037,20970.478915,55.823769,55.060849,0.30696,649.729523,0.759933,-0.059162,1.0082e-06,0.0002458274
240,12.158787,54.983686,82.746214,20968.040975,55.817325,55.032793,0.314716,669.132007,0.783026,-0.059654,1.0082e-06,0.000245827
241,20.488082,54.618108,82.746965,20968.089374,55.817453,54.608345,0.417449,1118.82024,1.319432,0.01186,1.0082e-06,0.0002458264
242,20.350216,54.62581,82.778315,20970.110095,55.822794,54.572206,0.464256,1110.556175,1.310554,0.065117,1.0082e-06,0.0002458262
243,20.724817,54.430966,82.719486,20966.318223,55.812771,54.506575,0.505389,1129.638798,1.334678,-0.091848,1.0082e-06,0.0002458265
244,20.282651,54.554507,82.736549,20967.418047,55.815678,54.521427,0.51053,1105.839076,1.306203,0.040184,1.0082e-06,0.000245826
245,18.604546,54.573311,82.715421,20966.056217,55.812079,54.595735,0.497464,1015.728864,1.198133,-0.02724,1.0082e-06,0.000245826
246,18.819433,54.633528,82.733314,20967.209528,55.815127,54.599879,0.488065,1027.538758,1.211971,0.040876,1.0082e-06,0.0002458258
247,18.766512,54.606416,82.729593,20966.969676,55.814493,54.603799,0.485556,1024.722843,1.208563,0.003179,1.0082e-06,0.000245826
248,18.68349,54.667208,82.757964,20968.798321,55.819326,54.618586,0.47881,1020.465806,1.203217,0.059064,1.0082e-06,0.000245826
249,18.725703,54.619596,82.755482,20968.638341,55.818904,54.615218,0.480124,1022.708357,1.205935,0.005318,1.0082e-06,0.0002458264
250,18.723254,54.607476,82.746603,20968.066076,55.817391,54.612275,0.481649,1022.519504,1.205778,-0.00583,1.0082e-06,0.0002458265
251,15.974776,54.736774,82.73326,20967.20604,55.815118,54.749144,0.448708,874.605312,1.028776,-0.015027,1.0082e-06,0.0002458264
252,15.847933,54.802062,82.745289,20967.981362,55.817167,54.778086,0.426716,868.119444,1.020607,0.029125,1.0082e-06,0.0002458263
253,16.212106,54.782911,82.749271,20968.238011,55.817845,54.770326,0.421084,887.942328,1.04406,0.015288,1.0082e-06,0.0002458264
254,16.10985,54.816636,82.767581,20969.418224,55.820965,54.78354,0.414941,882.554605,1.037474,0.040205,1.0082e-06,0.0002458264
255,15.139198,54.842776,82.769046,20969.512686,55.821215,54.834256,0.40198,830.146658,0.974964,0.01035,1.0082e-06,0.0002458267
256,15.031839,54.87775,82.783496,20970.444013,55.823676,54.85065,0.392196,824.506139,0.96805,0.032921,1.0082e-06,0.0002458268
257,15.010325,54.78905,82.742123,20967.777331,55.816628,54.842036,0.394593,823.196786,0.966665,-0.064366,1.0082e-06,0.000245827
258,15.003577,54.744599,82.679801,20963.760318,55.806011,54.827648,0.398625,822.610832,0.96623,-0.100884,1.0082e-06,0.0002458266
259,18.799115,54.665321,82.689709,20964.398939,55.807699,54.643135,0.438166,1027.242578,1.210663,0.02695,1.0082e-06,0.0002458257
260,18.985397,54.62735,82.69393,20964.671028,55.808418,54.613244,0.461578,1036.854127,1.22266,0.017135,1.0083e-06,0.0002458255
261,18.939221,54.606532,82.691347,20964.504549,55.807978,54.602208,0.473958,1034.123289,1.219686,0.005252,1.0083e-06,0.0002458255
262,18.646479,54.528739,82.639508,20961.163228,55.799147,54.595205,0.483442,1018.008349,1.200833,-0.08074,1.0083e-06,0.0002458255
263,18.65454,54.526817,82.594664,20958.272761,55.791509,54.583249,0.487449,1018.225394,1.201352,-0.068549,1.0083e-06,0.000245825
264,18.895056,54.582135,82.59412,20958.237728,55.791416,54.574903,0.486408,1031.195855,1.216842,0.008784,1.0083e-06,0.0002458243
265,18.885547,54.594388,82.600077,20958.621666,55.792431,54.577834,0.484859,1030.73225,1.216229,0.020109,1.0084e-06,0.0002458242
266,18.956607,54.642342,82.634579,20960.845502,55.798308,54.584805,0.48102,1034.742691,1.220805,0.069893,1.0084e-06,0.0002458242
267,11.903199,54.922773,82.620254,20959.922229,55.795868,54.938277,0.397651,653.941239,0.766566,-0.018833,1.0084e-06,0.0002458247
268,11.920076,54.898464,82.569312,20956.638722,55.787191,54.966495,0.360104,655.2048,0.767653,-0.08264,1.0084e-06,0.0002458248
269,12.101283,55.060773,82.610692,20959.305855,55.794239,54.996273,0.330372,665.525462,0.779323,0.07835,1.0084e-06,0.0002458243
270,11.999036,54.987575,82.594294,20958.248905,55.791446,55.006013,0.32179,660.019134,0.772738,-0.022398,1.0084e-06,0.0002458246
271,12.163636,54.900289,82.531674,20954.212734,55.78078,54.984971,0.325807,668.81717,0.783338,-0.102866,1.0084e-06,0.0002458246
272,12.026621,55.02713,82.545152,20955.081453,55.783076,55.002693,0.315675,661.496539,0.774514,0.029684,1.0084e-06,0.000245824
273,11.914371,55.090497,82.587422,20957.805998,55.790275,55.0248,0.305104,655.585885,0.767285,0.079804,1.0085e-06,0.0002458239
274,12.14561,55.008056,82.581871,20957.448223,55.78933,55.01087,0.309153,668.140575,0.782177,-0.003419,1.0085e-06,0.0002458244
275,11.986996,55.001519,82.569689,20956.663042,55.787255,55.013913,0.310164,659.451559,0.771963,-0.015056,1.0085e-06,0.0002458246
276,11.923182,54.955117,82.530513,20954.137908,55.780583,55.006266,0.313604,655.849726,0.767853,-0.062133,1.0085e-06,0.0002458245
277,12.206992,55.071431,82.571178,20956.759008,55.787509,55.007913,0.307918,671.481148,0.78613,0.077158,1.0085e-06,0.0002458241
278,12.119725,54.964766,82.54245,20954.907293,55.782616,55.000842,0.313467,666.59508,0.78051,-0.043823,1.0085e-06,0.0002458244
279,12.312127,55.117916,82.611642,20959.367129,55.794401,55.013429,0.305232,677.332319,0.792901,0.126925,1.0085e-06,0.0002458242
280,12.028209,54.973107,82.580289,20957.346258,55.78906,55.012984,0.311306,661.707673,0.774617,-0.048441,1.0085e-06,0.000245825
281,11.870035,55.038649,82.586799,20957.765863,55.790169,55.024278,0.307233,653.140102,0.76443,0.017457,1.0085e-06,0.0002458249
282,11.863048,55.015411,82.577935,20957.194517,55.788659,55.023098,0.307173,652.741657,0.76398,-0.009338,1.0085e-06,0.0002458249
283,12.163297,54.941178,82.536059,20954.49537,55.781527,54.996097,0.31544,668.933863,0.783316,-0.066712,1.0085e-06,0.0002458249
284,12.300859,55.094252,82.59255,20958.136517,55.791149,55.00799,0.307853,676.645532,0.792175,0.104785,1.0085e-06,0.0002458244
285,11.814437,54.944631,82.541274,20954.831524,55.782415,55.01318,0.312726,649.949749,0.76085,-0.083269,1.0085e-06,0.0002458248
286,11.957487,54.963152,82.511239,20952.895563,55.7773,55.001174,0.314089,657.67582,0.770062,-0.046186,1.0085e-06,0.0002458244
287,11.960442,54.885046,82.43981,20948.291599,55.765136,54.982456,0.320528,657.614476,0.770252,-0.118325,1.0085e-06,0.000245824
288,11.965695,55.103644,82.502836,20952.353944,55.775869,55.008138,0.305377,658.210599,0.770591,0.116012,1.0086e-06,0.000245823
289,11.832511,54.999244,82.491465,20951.621053,55.773933,55.010541,0.306184,650.91283,0.762014,-0.013723,1.0086e-06,0.0002458234
290,11.776559,55.044205,82.505614,20952.533022,55.776342,55.018913,0.302383,647.933473,0.75841,0.030723,1.0086e-06,0.0002458235
291,11.966202,55.108726,82.559803,20956.025831,55.785571,55.025911,0.297286,658.451172,0.770623,0.100598,1.0086e-06,0.0002458237
292,12.031026,54.992477,82.542374,20954.902404,55.782603,55.01238,0.305344,661.855373,0.774798,-0.024177,1.0086e-06,0.0002458244
293,12.082541,54.98517,82.526328,20953.86819,55.77987,55.003066,0.309934,664.576804,0.778116,-0.021739,1.0086e-06,0.0002458245
294,11.799104,55.024975,82.527797,20953.962874,55.78012,55.017866,0.306337,649.161517,0.759862,0.008636,1.0086e-06,0.0002458244
295,11.97377,55.01759,82.528908,20954.034455,55.780309,55.010921,0.306722,658.688112,0.771111,0.008101,1.0086e-06,0.0002458243
296,12.056319,54.983154,82.512665,20952.987484,55.777543,55.001345,0.310342,663.113764,0.776427,-0.022098,1.0086e-06,0.0002458243
297,12.063236,55.094951,82.563429,20956.259505,55.786189,55.017009,0.303056,663.683168,0.776872,0.094678,1.0086e-06,0.0002458242
298,11.83383,55.094333,82.600058,20958.620448,55.792428,55.036772,0.298397,651.295798,0.762099,0.069923,1.0086e-06,0.0002458246
299,11.96358,54.968527,82.563313,20956.252063,55.786169,55.016164,0.307732,658.190283,0.770455,-0.057868,1.0085e-06,0.0002458252
300,12.364083,55.014005,82.570664,20956.725894,55.787421,54.998218,0.311455,680.002531,0.796247,0.019177,1.0085e-06,0.000245825
301,20.70556,54.61112,82.589934,20957.967901,55.790703,54.5747,0.415941,1129.999719,1.333438,0.044241,1.0085e-06,0.000245825
302,20.247911,54.520549,82.572812,20956.864303,55.787787,54.536527,0.46888,1104.250754,1.303965,-0.01941,1.0085e-06,0.0002458251
303,20.421202,54.418302,82.51933,20953.41708,55.778678,54.486369,0.503234,1112.67715,1.315125,-0.082684,1.0085e-06,0.000245825
304,20.234243,54.475056,82.508324,20952.707668,55.776804,54.482268,0.512685,1102.407443,1.303085,-0.00876,1.0085e-06,0.0002458243
305,18.888538,54.568122,82.515422,20953.165244,55.778013,54.549929,0.49823,1030.368411,1.216422,0.022099,1.0085e-06,0.0002458239
306,18.754126,54.514856,82.483094,20951.081473,55.772507,54.553286,0.494561,1023.099204,1.207766,-0.046682,1.0086e-06,0.0002458239
307,18.651971,54.529743,82.458413,20949.490686,55.768304,54.557244,0.490348,1017.600136,1.201187,-0.033406,1.0086e-06,0.0002458236
308,18.645042,54.548274,82.445335,20948.647729,55.766077,54.559133,0.486499,1017.257325,1.200741,-0.01319,1.0086e-06,0.0002458232
309,18.796567,54.513658,82.416948,20946.818009,55.761243,54.546418,0.488526,1025.285393,1.210499,-0.039793,1.0086e-06,0.000245823
310,18.765192,54.519991,82.394652,20945.380936,55.757446,54.544024,0.488335,1023.529086,1.208478,-0.029193,1.0086e-06,0.0002458226
311,15.999329,54.726099,82.412263,20946.516044,55.760445,54.694047,0.448184,875.068059,1.030357,0.038933,1.0087e-06,0.0002458223
312,16.026719,54.741697,82.426073,20947.406165,55.762797,54.715089,0.428435,876.903359,1.032121,0.032321,1.0087e-06,0.0002458225
313,15.752198,54.707668,82.405201,20946.060845,55.759243,54.730934,0.419644,862.132505,1.014442,-0.028261,1.0087e-06,0.0002458227
314,16.041511,54.76264,82.423741,20947.25585,55.7624,54.72924,0.413316,877.939706,1.033073,0.040571,1.0087e-06,0.0002458227
315,14.760299,54.791417,82.417837,20946.875305,55.761394,54.793629,0.397427,808.770354,0.950563,-0.002687,1.0087e-06,0.0002458229
316,15.180963,54.781469,82.414361,20946.651269,55.760802,54.78002,0.39419,831.613449,0.977654,0.001761,1.0087e-06,0.000245823
317,14.985786,54.816119,82.424475,20947.303186,55.762525,54.795256,0.388218,821.149974,0.965085,0.025343,1.0087e-06,0.000245823
318,15.037068,54.828602,82.440497,20948.335884,55.765253,54.799242,0.384979,824.019923,0.968387,0.035664,1.0087e-06,0.0002458231
319,18.810862,54.608128,82.437297,20948.129632,55.764708,54.604744,0.433112,1027.162305,1.21142,0.004111,1.0087e-06,0.0002458233
320,18.682633,54.567116,82.421325,20947.100146,55.761988,54.582109,0.457982,1019.737516,1.203162,-0.018213,1.0087e-06,0.0002458234
321,18.987968,54.552202,82.414568,20946.664591,55.760838,54.553846,0.473296,1035.866691,1.222825,-0.001998,1.0087e-06,0.0002458233
322,18.774715,54.530584,82.394372,20945.362867,55.757399,54.551598,0.480345,1024.19071,1.209092,-0.025526,1.0087e-06,0.0002458231
323,18.918078,54.508242,82.369578,20943.764763,55.753177,54.535793,0.486389,1031.712387,1.218324,-0.033466,1.0087e-06,0.0002458229
324,18.936575,54.50152,82.345668,20942.223664,55.749106,54.527795,0.489602,1032.569678,1.219515,-0.031916,1.0087e-06,0.0002458225
325,18.641333,54.556866,82.348208,20942.387356,55.749538,54.545319,0.483919,1016.797447,1.200502,0.014027,1.0088e-06,0.0002458222
326,18.819527,54.560063,82.355845,20942.879584,55.750839,54.541127,0.482525,1026.438215,1.211978,0.023001,1.0088e-06,0.0002458221
327,12.159381,54.871717,82.34736,20942.332713,55.749394,54.878735,0.400821,667.291445,0.783064,-0.008524,1.0088e-06,0.0002458222
328,12.066449,54.889892,82.323359,20940.785697,55.745307,54.919211,0.359849,662.679858,0.777079,-0.035614,1.0088e-06,0.0002458222
329,12.188875,54.98881,82.349954,20942.499905,55.749836,54.945485,0.333372,669.723649,0.784964,0.052627,1.0088e-06,0.000245822
330,12.080478,54.977482,82.356498,20942.92166,55.75095,54.962973,0.321187,663.978984,0.777983,0.017624,1.0088e-06,0.0002458222
331,11.88216,54.957023,82.341301,20941.942166,55.748362,54.973787,0.315448,653.207338,0.765211,-0.020364,1.0088e-06,0.0002458224
332,12.075267,54.974861,82.341753,20941.971333,55.748439,54.969092,0.312759,663.766468,0.777647,0.007007,1.0088e-06,0.0002458224
333,12.018562,54.908782,82.301801,20939.396172,55.741637,54.961005,0.316235,660.552241,0.773995,-0.063435,1.0088e-06,0.0002458224
334,12.027164,54.942373,82.286303,20938.397241,55.738998,54.95951,0.314759,661.007037,0.774549,-0.020816,1.0088e-06,0.0002458219
335,11.8375,54.969041,82.281667,20938.098451,55.738209,54.970673,0.310135,650.715343,0.762335,-0.001982,1.0089e-06,0.0002458216
336,11.721524,55.011311,82.297002,20939.086878,55.74082,54.984339,0.303561,644.500255,0.754866,0.032762,1.0089e-06,0.0002458215
337,12.127802,54.973215,82.298865,20939.206919,55.741137,54.965401,0.307117,666.609504,0.78103,0.009491,1.0089e-06,0.0002458217
338,11.850933,54.92807,82.267631,20937.193736,55.735819,54.967856,0.310044,651.420376,0.7632,-0.048327,1.0089e-06,0.0002458218
339,11.977332,54.853577,82.201245,20932.914765,55.724518,54.943746,0.317968,658.079483,0.77134,-0.109526,1.0089e-06,0.0002458215
340,12.027072,55.007396,82.233385,20934.986432,55.729989,54.956179,0.309084,660.961924,0.774543,0.062211,1.0089e-06,0.0002458207
341,11.953216,54.948858,82.224033,20934.383626,55.728397,54.957208,0.309317,656.915379,0.769787,-0.010143,1.0089e-06,0.0002458208
342,12.027295,54.99051,82.241719,20935.523569,55.731408,54.960036,0.306637,661.02057,0.774558,0.037016,1.009e-06,0.0002458208
343,12.164123,54.973296,82.250992,20936.121247,55.732987,54.954835,0.30813,668.477375,0.78337,0.022424,1.009e-06,0.0002458211
344,11.896536,54.94871,82.237904,20935.277673,55.730759,54.962443,0.308633,653.862683,0.766137,-0.016681,1.009e-06,0.0002458213
345,12.027292,55.04898,82.287586,20938.479945,55.739217,54.972604,0.301878,661.171558,0.774558,0.092773,1.009e-06,0.0002458213
346,11.951959,54.917941,82.253036,20936.252984,55.733335,54.962438,0.309073,656.90881,0.769706,-0.054051,1.009e-06,0.0002458219
347,11.869484,54.865147,82.191287,20932.272954,55.722823,54.948703,0.315483,652.212753,0.764395,-0.101494,1.009e-06,0.0002458217
348,12.049469,54.901293,82.16344,20930.478056,55.718083,54.936138,0.316353,661.951296,0.775986,-0.042325,1.009e-06,0.000245821
349,11.814974,54.869955,82.113765,20927.276249,55.709627,54.93622,0.316877,649.070005,0.760884,-0.080488,1.009e-06,0.0002458204
350,11.832302,54.996573,82.142251,20929.112348,55.714476,54.950682,0.306594,650.193062,0.762,0.055742,1.0091e-06,0.0002458197
351,11.803297,54.880066,82.097232,20926.210596,55.706813,54.939654,0.311079,648.469057,0.760132,-0.072379,1.0091e-06,0.0002458198
352,12.026739,54.949886,82.104495,20926.678721,55.708049,54.934365,0.308971,660.681274,0.774522,0.018852,1.0091e-06,0.0002458194
353,12.064829,55.003369,82.142224,20929.110613,55.714471,54.94412,0.304167,662.891409,0.776975,0.071967,1.0091e-06,0.0002458195
354,11.998725,54.900849,82.114103,20927.298013,55.709685,54.936107,0.309946,659.163246,0.772718,-0.042827,1.0091e-06,0.00024582
355,11.98143,54.990147,82.141169,20929.042594,55.714292,54.946234,0.305095,658.334461,0.771604,0.053339,1.0091e-06,0.0002458199
356,11.912552,54.892657,82.106215,20926.789612,55.708342,54.937753,0.310288,654.448845,0.767168,-0.054777,1.0091e-06,0.0002458202
357,12.165392,54.943164,82.112546,20927.197642,55.70942,54.928924,0.310425,668.231889,0.783451,0.017297,1.0092e-06,0.00024582
358,11.938615,54.964121,82.123725,20927.918249,55.711323,54.94302,0.306994,655.943563,0.768847,0.025631,1.0092e-06,0.00024582
359,12.154571,54.9759,82.145846,20929.344049,55.715088,54.939011,0.306424,667.760113,0.782754,0.044808,1.0092e-06,0.0002458201
360,11.950016,54.996222,82.171348,20930.987798,55.719429,54.95457,0.30311,656.707995,0.769581,0.050593,1.0092e-06,0.0002458205
361,20.822054,54.595491,82.2216,20934.226772,55.727983,54.514575,0.408843,1135.105433,1.34094,0.098287,1.0092e-06,0.0002458209
362,20.600931,54.414256,82.187652,20932.038688,55.722204,54.45422,0.471964,1121.807625,1.3267,-0.048544,1.0091e-06,0.0002458216
363,21.062809,54.381321,82.170161,20930.911291,55.719227,54.397484,0.507876,1145.763817,1.356445,-0.019633,1.0091e-06,0.0002458214
364,20.44423,54.390809,82.152404,20929.766711,55.716204,54.407617,0.518622,1112.321841,1.316608,-0.020417,1.0091e-06,0.0002458211
365,19.044034,54.525464,82.176073,20931.292326,55.720233,54.483433,0.500938,1037.584354,1.226436,0.051054,1.0091e-06,0.0002458208
366,18.585931,54.524025,82.178064,20931.420673,55.720572,54.513289,0.489123,1013.18023,1.196934,0.013041,1.0091e-06,0.0002458209
367,18.882036,54.497441,82.169741,20930.884179,55.719155,54.501377,0.488176,1029.096962,1.216003,-0.004781,1.0091e-06,0.000245821
368,18.616972,54.478049,82.14311,20929.167698,55.714622,54.508361,0.486901,1014.780639,1.198933,-0.03682,1.0091e-06,0.0002458209
369,18.734473,54.515458,82.143591,20929.198717,55.714704,54.506825,0.483979,1021.156638,1.2065,0.010486,1.0091e-06,0.0002458206
370,18.722014,54.550633,82.162987,20930.448864,55.718006,54.514869,0.479718,1020.628143,1.205698,0.043441,1.0091e-06,0.0002458205
371,15.857508,54.57004,82.107013,20926.841023,55.708478,54.643619,0.452125,866.51163,1.021224,-0.089374,1.0091e-06,0.0002458207
372,15.889091,54.741399,82.147628,20929.458879,55.715391,54.676391,0.425046,868.758147,1.023257,0.078963,1.0091e-06,0.0002458202
373,15.914027,54.799509,82.210373,20933.50311,55.726072,54.702747,0.408407,870.540992,1.024863,0.117535,1.0092e-06,0.0002458204
374,16.073723,54.628226,82.168439,20930.800278,55.718934,54.681566,0.416279,878.936345,1.035148,-0.064791,1.0091e-06,0.0002458212
375,14.874857,54.751492,82.168774,20930.821845,55.718991,54.744706,0.39952,814.319672,0.957941,0.008243,1.0091e-06,0.0002458211
376,14.823353,54.864995,82.227774,20934.624724,55.729034,54.774069,0.382191,811.935357,0.954624,0.110446,1.0091e-06,0.000245821
377,14.851366,54.78351,82.229959,20934.765608,55.729406,54.774079,0.38147,813.469895,0.956428,0.011456,1.0091e-06,0.0002458216
378,15.219019,54.745277,82.220477,20934.154412,55.727792,54.752428,0.387301,833.278243,0.980105,-0.008686,1.0091e-06,0.0002458218
379,18.650621,54.542717,82.197258,20932.65783,55.723839,54.568119,0.43506,1017.729313,1.2011,-0.030856,1.0091e-06,0.0002458218
380,18.854332,54.575293,82.215001,20933.801452,55.72686,54.541846,0.456483,1028.350063,1.214219,0.040628,1.0091e-06,0.0002458214
381,18.808508,54.448267,82.163094,20930.455729,55.718024,54.514759,0.476504,1025.341286,1.211268,-0.080767,1.0091e-06,0.0002458215
382,18.806349,54.47736,82.13879,20928.889224,55.713887,54.504256,0.482954,1025.026057,1.211129,-0.032669,1.0091e-06,0.0002458209
383,18.472515,54.471967,82.105952,20926.772611,55.708297,54.511249,0.48327,1006.959869,1.18963,-0.047715,1.0091e-06,0.0002458204
384,18.585132,54.53358,82.115045,20927.358737,55.709845,54.512653,0.479063,1013.12485,1.196883,0.025419,1.0091e-06,0.0002458199
385,19.091625,54.595376,82.172209,20931.043261,55.719575,54.505267,0.476608,1040.594118,1.229501,0.109452,1.0091e-06,0.0002458199
386,18.714019,54.477685,82.144543,20929.260083,55.714866,54.50944,0.482316,1020.090696,1.205183,-0.038572,1.0091e-06,0.0002458205
387,12.103317,54.901276,82.17197,20931.027892,55.719535,54.856797,0.395066,663.949198,0.779454,0.054028,1.0091e-06,0.0002458205
388,11.937189,54.884121,82.156333,20930.019992,55.716873,54.901493,0.354127,655.369498,0.768755,-0.021101,1.0091e-06,0.0002458208
389,12.331039,54.907685,82.155146,20929.943445,55.716671,54.904161,0.336038,677.025352,0.794119,0.00428,1.0091e-06,0.0002458208
390,11.927202,54.929955,82.149773,20929.597142,55.715756,54.932607,0.322282,655.192296,0.768112,-0.003221,1.0091e-06,0.0002458207
391,12.086955,54.87818,82.11581,20927.408039,55.709975,54.921781,0.321154,663.837094,0.7784,-0.052961,1.0091e-06,0.0002458207
392,11.96274,54.873373,82.07846,20925.000663,55.703618,54.921888,0.31949,657.016263,0.7704,-0.058929,1.0091e-06,0.0002458203
393,11.95826,55.026491,82.131998,20928.451482,55.712731,54.944606,0.306058,657.041878,0.770112,0.099462,1.0092e-06,0.0002458197
394,12.111258,54.928213,82.12441,20927.962358,55.711439,54.933965,0.309495,665.319426,0.779965,-0.006987,1.0092e-06,0.0002458201
395,11.860033,54.917077,82.104874,20926.703169,55.708114,54.940076,0.309766,651.591111,0.763786,-0.027936,1.0092e-06,0.0002458202
396,12.15761,54.90417,82.08858,20925.652925,55.705341,54.922393,0.313177,667.725037,0.78295,-0.022135,1.0092e-06,0.0002458201
397,12.217563,54.863077,82.053046,20923.362576,55.699293,54.908878,0.318328,670.852677,0.786811,-0.055632,1.0092e-06,0.0002458199
398,11.956493,55.018349,82.104001,20926.646873,55.707965,54.940171,0.305795,656.891771,0.769998,0.094959,1.0092e-06,0.0002458194
399,11.698824,54.990057,82.122557,20927.84294,55.711124,54.958476,0.300605,642.949535,0.753404,0.038361,1.0092e-06,0.0002458199
400,11.722293,54.925543,82.101433,20926.481361,55.707528,54.950878,0.3037,644.150297,0.754916,-0.030774,1.0092e-06,0.0002458202
401,11.97412,54.970666,82.116506,20927.452912,55.710094,54.943965,0.303449,657.905626,0.771133,0.032433,1.0092e-06,0.0002458202
402,11.526819,54.832961,82.037993,20922.392365,55.696731,54.940711,0.310624,633.291629,0.742327,-0.130879,1.0092e-06,0.0002458203
403,11.915098,54.930094,82.036303,20922.283383,55.696443,54.927468,0.308576,654.466164,0.767332,0.00319,1.0092e-06,0.0002458195
404,11.866017,54.916604,82.025005,20921.555168,55.69452,54.927783,0.308235,651.774005,0.764171,-0.013578,1.0092e-06,0.0002458192
405,11.822074,54.906981,82.007909,20920.45325,55.691611,54.926497,0.308309,649.345109,0.761342,-0.023705,1.0093e-06,0.000245819
406,11.872985,54.938642,82.012154,20920.726846,55.692333,54.927518,0.306043,652.153593,0.76462,0.013512,1.0093e-06,0.0002458188
407,12.087213,54.997484,82.055315,20923.508833,55.699679,54.930434,0.302195,663.955854,0.778417,0.081442,1.0093e-06,0.0002458188
408,11.901537,54.909335,82.037142,20922.337499,55.696586,54.930361,0.306349,653.755726,0.766459,-0.025539,1.0093e-06,0.0002458194
409,12.007162,54.909885,82.025358,20921.577911,55.69458,54.921702,0.308922,659.453769,0.773261,-0.014353,1.0093e-06,0.0002458194
410,11.992201,54.845918,81.97834,20918.547362,55.686579,54.90829,0.31491,658.471255,0.772298,-0.07576,1.0093e-06,0.0002458193
411,12.055763,54.877664,81.957745,20917.219915,55.683074,54.902101,0.315138,661.886722,0.776391,-0.029682,1.0093e-06,0.0002458188
412,11.856456,54.843414,81.913777,20914.385923,55.675592,54.901473,0.315986,650.9369,0.763556,-0.07052,1.0093e-06,0.0002458184
413,12.17415,54.915186,81.924778,20915.095024,55.677464,54.894239,0.312816,668.290697,0.784015,0.025443,1.0094e-06,0.0002458178
414,12.172424,54.935228,81.945222,20916.412744,55.680943,54.900734,0.309867,668.275012,0.783904,0.041897,1.0094e-06,0.0002458178
415,11.744496,54.866825,81.911098,20914.213224,55.675136,54.910805,0.310524,644.89973,0.756346,-0.053419,1.0094e-06,0.0002458181
416,12.11369,54.882122,81.90002,20913.49925,55.673251,54.89288,0.312299,664.955327,0.780122,-0.013066,1.0094e-06,0.0002458179
417,11.836448,54.910834,81.898956,20913.430623,55.67307,54.907343,0.308367,649.907911,0.762267,0.00424,1.0094e-06,0.0002458177
418,11.973455,54.868606,81.876592,20911.989157,55.669265,54.895616,0.310994,657.290193,0.771091,-0.032807,1.0095e-06,0.0002458177
419,11.951078,54.894671,81.871491,20911.660388,55.668397,54.896922,0.309685,656.077399,0.769649,-0.002734,1.0095e-06,0.0002458175
420,11.611502,54.943125,81.884426,20912.494095,55.670598,54.919644,0.302286,637.699553,0.747781,0.028521,1.0095e-06,0.0002458175
421,20.378294,54.547201,81.921827,20914.90483,55.676962,54.4849,0.404645,1110.309302,1.312362,0.075673,1.0095e-06,0.0002458176
422,20.327481,54.347268,81.869524,20911.533614,55.668062,54.413687,0.468922,1106.093181,1.30909,-0.080674,1.0095e-06,0.0002458181
423,20.678144,54.31788,81.834608,20909.283097,55.662122,54.359209,0.503909,1124.047558,1.331672,-0.050199,1.0095e-06,0.0002458178
424,20.404574,54.411549,81.859197,20910.867951,55.666305,54.367617,0.510255,1109.348067,1.314055,0.05336,1.0095e-06,0.0002458173
425,18.750553,54.377557,81.81562,20908.059171,55.658891,54.432129,0.502241,1020.632518,1.207536,-0.066284,1.0095e-06,0.0002458174
426,18.828205,54.456808,81.821672,20908.449297,55.659921,54.440141,0.492258,1025.010128,1.212536,0.020244,1.0096e-06,0.000245817
427,18.992578,54.498677,81.853002,20910.468653,55.665251,54.445674,0.485704,1034.063707,1.223122,0.064378,1.0096e-06,0.000245817
428,19.255357,54.387886,81.823412,20908.561439,55.660217,54.422174,0.494015,1047.918398,1.240045,-0.041647,1.0096e-06,0.0002458174
429,18.796749,54.416869,81.802447,20907.21014,55.65665,54.438979,0.491365,1023.275822,1.210511,-0.026855,1.0096e-06,0.0002458173
430,18.973213,54.510845,81.841809,20909.747235,55.663347,54.446325,0.483897,1033.021725,1.221875,0.078366,1.0096e-06,0.000245817
431,16.113106,54.573624,81.827927,20908.852439,55.660985,54.586709,0.451665,879.561434,1.037684,-0.015894,1.0096e-06,0.0002458174
432,15.888227,54.528352,81.773381,20905.336622,55.651705,54.599874,0.43791,867.495193,1.023202,-0.086871,1.0096e-06,0.0002458174
433,16.256425,54.663761,81.808523,20907.601767,55.657684,54.606445,0.42309,887.705575,1.046914,0.069616,1.0096e-06,0.0002458168
434,15.960871,54.689005,81.841758,20909.743906,55.663338,54.634557,0.412053,872.015117,1.02788,0.066133,1.0096e-06,0.000245817
435,15.112637,54.743969,81.875354,20911.909401,55.669054,54.689363,0.395739,826.500494,0.973254,0.066326,1.0096e-06,0.0002458175
436,14.756469,54.666456,81.846015,20910.018336,55.664062,54.702289,0.391583,807.212637,0.950317,-0.043524,1.0096e-06,0.0002458181
437,15.029316,54.723117,81.858774,20910.840671,55.666233,54.698441,0.387059,822.08016,0.967888,0.029972,1.0096e-06,0.000245818
438,15.143585,54.656188,81.83387,20909.235512,55.661996,54.685496,0.391352,828.13445,0.975247,-0.035598,1.0096e-06,0.000245818
439,18.819081,54.622521,81.900301,20913.51733,55.673299,54.519236,0.426894,1026.00191,1.211949,0.125453,1.0096e-06,0.0002458178
440,18.903788,54.530917,81.920617,20914.826788,55.676756,54.49376,0.452554,1030.138482,1.217404,0.045133,1.0096e-06,0.0002458184
441,18.797122,54.512544,81.932861,20915.615995,55.67884,54.487011,0.465507,1024.199002,1.210535,0.031013,1.0096e-06,0.0002458188
442,19.070598,54.472244,81.932556,20915.596361,55.678788,54.464597,0.477303,1038.672429,1.228147,0.009289,1.0096e-06,0.0002458191
443,18.983597,54.418973,81.902653,20913.668904,55.673699,54.453824,0.48635,1033.729441,1.222544,-0.042331,1.0096e-06,0.0002458191
444,18.888515,54.505333,81.925128,20915.117599,55.677524,54.465081,0.482591,1028.764497,1.21642,0.048892,1.0095e-06,0.0002458188
445,18.687199,54.51323,81.942976,20916.267978,55.680561,54.479704,0.478783,1018.073073,1.203456,0.040722,1.0095e-06,0.0002458188
446,18.698713,54.416679,81.902884,20913.683821,55.673739,54.466267,0.484954,1018.449087,1.204197,-0.060231,1.0095e-06,0.000245819
447,11.999821,54.900697,81.951346,20916.807478,55.681985,54.826083,0.392229,657.903183,0.772788,0.090629,1.0095e-06,0.0002458186
448,12.046373,54.893929,81.965229,20917.702255,55.684348,54.868908,0.349968,660.971326,0.775786,0.030392,1.0095e-06,0.000245819
449,11.89023,54.872819,81.948644,20916.63329,55.681525,54.89157,0.330517,652.673393,0.765731,-0.022776,1.0095e-06,0.0002458193
450,11.823517,54.85129,81.913651,20914.377825,55.675571,54.896478,0.322232,649.069437,0.761434,-0.054887,1.0095e-06,0.0002458191
451,12.125346,54.883229,81.906748,20913.932886,55.674396,54.887992,0.317881,665.535896,0.780872,-0.005785,1.0095e-06,0.0002458187
452,12.217694,54.877458,81.898613,20913.408513,55.673012,54.88395,0.31697,670.55531,0.786819,-0.007886,1.0095e-06,0.0002458184
453,11.97031,54.952366,81.92679,20915.224704,55.677807,54.906865,0.308409,657.252194,0.770888,0.055267,1.0095e-06,0.0002458182
454,11.902708,54.81274,81.8676,20911.409594,55.667735,54.89261,0.315205,653.370703,0.766534,-0.097012,1.0095e-06,0.0002458185
455,12.195192,54.909244,81.880084,20912.214235,55.669859,54.886163,0.312474,669.347292,0.78537,0.028035,1.0095e-06,0.0002458179
456,11.675221,54.890369,81.864582,20911.215053,55.667221,54.907659,0.308432,641.059058,0.751884,-0.021001,1.0095e-06,0.0002458179
457,11.939432,54.974889,81.905592,20913.858373,55.6742,54.910989,0.301871,655.606015,0.768899,0.077615,1.0095e-06,0.0002458177
458,11.890651,54.858061,81.872204,20911.706315,55.668518,54.90092,0.308143,652.807682,0.765758,-0.052058,1.0095e-06,0.0002458181
459,11.86344,54.833822,81.829223,20908.936011,55.661205,54.890457,0.312345,651.189642,0.764006,-0.06879,1.0095e-06,0.0002458179
460,11.894926,54.81414,81.781302,20905.847183,55.653052,54.877855,0.315577,652.768026,0.766033,-0.077389,1.0096e-06,0.0002458174
461,11.84532,54.805011,81.73233,20902.690721,55.644721,54.870256,0.316762,649.955744,0.762839,-0.079246,1.0096e-06,0.0002458167
462,11.775408,54.806757,81.687457,20899.798422,55.637088,54.866154,0.315932,646.071348,0.758336,-0.072142,1.0096e-06,0.000245816
463,11.921826,54.849955,81.675766,20899.044843,55.635099,54.861676,0.312763,654.051361,0.767766,-0.014237,1.0097e-06,0.0002458153
464,11.816029,54.907451,81.694193,20900.232598,55.638234,54.875998,0.305664,648.416385,0.760952,0.038202,1.0097e-06,0.000245815
465,11.992789,54.861336,81.687414,20899.795649,55.63708,54.865978,0.307701,657.996097,0.772336,-0.005638,1.0097e-06,0.0002458152
466,11.930404,54.961975,81.737829,20903.045173,55.645657,54.884579,0.300087,654.7952,0.768318,0.094004,1.0097e-06,0.0002458153
467,12.035972,54.905497,81.751746,20903.94215,55.648024,54.880428,0.302526,660.539298,0.775117,0.030449,1.0097e-06,0.000245816
468,11.612094,54.848438,81.719943,20901.892283,55.642614,54.889142,0.304781,637.377872,0.747819,-0.049439,1.0097e-06,0.0002458165
469,11.674349,54.859211,81.699904,20900.600676,55.639205,54.883012,0.305096,640.723438,0.751828,-0.028909,1.0098e-06,0.0002458164
470,12.055997,54.846204,81.685556,20899.67587,55.636764,54.861679,0.309242,661.412234,0.776406,-0.018795,1.0098e-06,0.0002458161
471,12.077791,54.828178,81.66412,20898.294196,55.633118,54.853813,0.312619,662.512887,0.77781,-0.031136,1.0098e-06,0.0002458159
472,12.08637,54.801031,81.630444,20896.123615,55.62739,54.844225,0.316147,662.867601,0.778362,-0.052463,1.0098e-06,0.0002458156
473,11.960747,54.899099,81.653712,20897.623344,55.631348,54.860642,0.308543,656.174253,0.770272,0.046709,1.0098e-06,0.0002458152
474,12.080388,54.871142,81.659908,20898.022723,55.632402,54.85713,0.308486,662.695411,0.777977,0.017019,1.0098e-06,0.0002458154
475,12.290957,54.856181,81.663025,20898.223626,55.632932,54.846498,0.311511,674.115945,0.791538,0.011761,1.0098e-06,0.0002458155
476,11.932351,54.738323,81.588661,20893.430463,55.620283,54.839957,0.31926,654.369621,0.768443,-0.123443,1.0099e-06,0.0002458157
477,12.26534,54.857246,81.601771,20894.275457,55.622513,54.833234,0.315346,672.54826,0.789888,0.029164,1.0099e-06,0.000245815
478,11.823598,54.941137,81.647734,20897.238017,55.630331,54.870176,0.303291,648.762901,0.76144,0.086188,1.0099e-06,0.0002458149
479,12.185326,54.879905,81.661049,20898.096267,55.632596,54.855635,0.30612,668.433795,0.784735,0.029478,1.0099e-06,0.0002458154
480,11.784762,54.894834,81.67081,20898.725363,55.634256,54.875835,0.303057,646.698659,0.758939,0.023076,1.0099e-06,0.0002458158
481,20.406791,54.379334,81.633792,20896.339372,55.627959,54.423791,0.41565,1110.61492,1.314197,-0.053996,1.0099e-06,0.000245816
482,20.656506,54.275512,81.58125,20892.952746,55.619022,54.342139,0.478716,1122.518714,1.330279,-0.080923,1.0099e-06,0.0002458157
483,20.585074,54.375995,81.607998,20894.676851,55.623572,54.328886,0.499278,1118.364146,1.325679,0.057217,1.0099e-06,0.0002458151
484,20.807652,54.353836,81.631958,20896.221152,55.627647,54.310639,0.513001,1130.076871,1.340013,0.052466,1.0099e-06,0.0002458151
485,18.491235,54.37442,81.602025,20894.29184,55.622556,54.409524,0.49853,1006.099299,1.190836,-0.042637,1.0099e-06,0.0002458154
486,18.8097,54.440198,81.617766,20895.306393,55.625233,54.409639,0.488787,1023.428988,1.211345,0.037116,1.0099e-06,0.0002458153
487,18.947122,54.327157,81.568229,20892.113461,55.616808,54.390195,0.494496,1030.537668,1.220195,-0.076565,1.0099e-06,0.0002458154
488,18.750508,54.474571,81.60408,20894.424305,55.622906,54.415181,0.483205,1020.312282,1.207533,0.072134,1.01e-06,0.0002458149
489,19.031595,54.51915,81.666871,20898.471476,55.633586,54.420996,0.477209,1035.71835,1.225635,0.119217,1.01e-06,0.0002458152
490,18.741467,54.48053,81.691162,20900.03723,55.637718,54.437737,0.475811,1020.243052,1.20695,0.051977,1.0099e-06,0.000245816
491,16.256757,54.628292,81.725161,20902.228625,55.643502,54.572628,0.442712,887.173954,1.046935,0.06761,1.0099e-06,0.0002458165
492,16.108553,54.627124,81.741105,20903.256287,55.646214,54.597425,0.426355,879.485507,1.037391,0.036074,1.0099e-06,0.0002458171
493,15.881517,54.521885,81.683664,20899.553903,55.636442,54.597552,0.425229,867.091948,1.02277,-0.091906,1.0099e-06,0.0002458174
494,16.147427,54.580875,81.673095,20898.872678,55.634645,54.589192,0.421516,881.474989,1.039894,-0.010102,1.0099e-06,0.0002458169
495,14.99578,54.622169,81.652648,20897.554745,55.631167,54.645147,0.406583,819.446598,0.965728,-0.027908,1.0099e-06,0.0002458165
496,14.941064,54.669685,81.655472,20897.736791,55.631647,54.659298,0.395026,816.668072,0.962205,0.012616,1.0099e-06,0.0002458161
497,14.846721,54.66467,81.648993,20897.319156,55.630545,54.667672,0.389196,811.63567,0.956129,-0.003646,1.0099e-06,0.000245816
498,15.036908,54.658652,81.643509,20896.965695,55.629612,54.660145,0.388441,821.919565,0.968377,-0.001813,1.0099e-06,0.0002458159
499,18.688456,54.507484,81.65785,20897.890027,55.632051,54.478986,0.430944,1018.128123,1.203537,0.034614,1.0099e-06,0.0002458157
500,19.080896,54.413227,81.640643,20896.780966,55.629125,54.429824,0.462015,1038.569809,1.22881,-0.020158,1.0099e-06,0.0002458159
501,18.985169,54.474526,81.666661,20898.457988,55.63355,54.429147,0.470816,1033.346561,1.222645,0.055116,1.0099e-06,0.0002458157
502,18.402012,54.384753,81.624245,20895.724033,55.626335,54.437805,0.477477,1001.765132,1.18509,-0.064436,1.0099e-06,0.000245816
503,18.704624,54.457719,81.638611,20896.649994,55.628779,54.429177,0.476855,1018.077297,1.204578,0.034666,1.0099e-06,0.0002458156
504,18.828273,54.439744,81.644675,20897.040834,55.62981,54.423062,0.479224,1024.692264,1.212541,0.020262,1.0099e-06,0.0002458157
505,18.895442,54.36928,81.612362,20894.958101,55.624314,54.407627,0.486567,1028.056168,1.216866,-0.046576,1.0099e-06,0.0002458157
506,18.688018,54.351698,81.569243,20892.178819,55.61698,54.405641,0.489234,1016.733595,1.203508,-0.065517,1.0099e-06,0.0002458154
507,11.974459,54.754045,81.566641,20892.011146,55.616538,54.7527,0.401145,655.633964,0.771155,0.001633,1.0099e-06,0.0002458149
508,12.025681,54.766677,81.54708,20890.750366,55.613211,54.789644,0.358894,658.882785,0.774454,-0.027895,1.01e-06,0.0002458147
509,12.135979,54.870703,81.579884,20892.864706,55.61879,54.81849,0.331365,665.276049,0.781557,0.063416,1.01e-06,0.0002458145
510,12.231978,54.871314,81.604521,20894.452698,55.62298,54.83078,0.319556,670.688899,0.787739,0.049231,1.01e-06,0.0002458148
511,12.027827,54.874673,81.619261,20895.402796,55.625488,54.848426,0.312307,659.707377,0.774592,0.031879,1.01e-06,0.0002458152
512,12.091463,54.810891,81.595675,20893.882576,55.621476,54.839602,0.31466,663.091023,0.77869,-0.034872,1.01e-06,0.0002458155
513,12.193408,54.930362,81.646613,20897.165763,55.63014,54.852113,0.306874,668.834188,0.785255,0.09504,1.01e-06,0.0002458154
514,12.296543,54.846393,81.645099,20897.068175,55.629882,54.843352,0.311392,674.383638,0.791897,0.003693,1.01e-06,0.0002458159
515,12.048641,54.865257,81.648675,20897.29869,55.630491,54.855018,0.309913,660.928423,0.775932,0.012436,1.01e-06,0.0002458161
516,11.999618,54.875011,81.655638,20897.747457,55.631675,54.859935,0.308075,658.298266,0.772775,0.018311,1.0099e-06,0.0002458162
517,11.981823,54.833863,81.637246,20896.56205,55.628547,54.855168,0.310401,657.264912,0.771629,-0.025877,1.0099e-06,0.0002458163
518,12.263847,54.85124,81.639516,20896.70833,55.628933,54.842785,0.312273,672.583521,0.789792,0.01027,1.0099e-06,0.0002458161
519,12.010052,54.886531,81.654982,20897.705217,55.631564,54.85925,0.308245,658.862446,0.773447,0.033135,1.0099e-06,0.000245816
520,12.02255,54.856422,81.650837,20897.438034,55.630859,54.857272,0.309035,659.524297,0.774252,-0.001033,1.0099e-06,0.0002458161
521,11.990465,54.780225,81.602667,20894.333229,55.622665,54.844249,0.315105,657.608045,0.772186,-0.077762,1.0099e-06,0.0002458161
522,11.995354,54.783802,81.563185,20891.788381,55.61595,54.835364,0.317086,657.769599,0.772501,-0.062625,1.0099e-06,0.0002458156
523,12.031523,54.780973,81.52757,20889.492839,55.609893,54.826973,0.318022,659.651983,0.77483,-0.055869,1.01e-06,0.0002458149
524,12.137506,54.876905,81.553839,20891.185969,55.61436,54.834067,0.3113,665.548816,0.781655,0.052029,1.01e-06,0.0002458143
525,12.042064,54.833834,81.548071,20890.814236,55.61338,54.837003,0.311071,660.350702,0.775509,-0.003849,1.01e-06,0.0002458145
526,12.062445,54.739988,81.489539,20887.041536,55.603425,54.818855,0.318478,661.249418,0.776821,-0.095788,1.01e-06,0.0002458145
527,11.835477,54.830198,81.484064,20886.6886,55.602494,54.833036,0.312135,648.975141,0.762205,-0.003447,1.01e-06,0.0002458139
528,12.051789,54.833062,81.485191,20886.761285,55.602686,54.826334,0.310671,660.755407,0.776135,0.008172,1.0101e-06,0.0002458137
529,11.849308,54.843101,81.485647,20886.790622,55.602763,54.837424,0.307482,649.785524,0.763095,0.006895,1.0101e-06,0.0002458137
530,11.931945,54.782396,81.452688,20884.666241,55.597159,54.824627,0.311482,654.164429,0.768417,-0.051291,1.0101e-06,0.0002458138
531,12.049425,54.824724,81.451831,20884.61104,55.597013,54.820844,0.310579,660.559645,0.775983,0.004713,1.0101e-06,0.0002458135
532,12.179472,54.867896,81.47935,20886.384793,55.601693,54.823247,0.307831,667.718198,0.784358,0.054229,1.0101e-06,0.0002458135
533,12.110201,54.8501,81.491148,20887.145193,55.603699,54.82804,0.307721,663.97858,0.779897,0.026794,1.0101e-06,0.0002458138
534,11.873223,54.786632,81.458443,20885.037168,55.598137,54.828521,0.310835,650.991251,0.764636,-0.050876,1.0101e-06,0.0002458141
535,11.779326,54.976761,81.536221,20890.050403,55.611364,54.860172,0.296039,646.215856,0.758589,0.141604,1.0101e-06,0.0002458139
536,11.838083,54.821716,81.514785,20888.668708,55.607719,54.84745,0.302845,649.288661,0.762373,-0.031255,1.0101e-06,0.0002458147
537,11.945942,54.81755,81.498195,20887.599445,55.604897,54.836286,0.30702,655.071092,0.769319,-0.022756,1.0101e-06,0.0002458147
538,11.912392,54.737584,81.437588,20883.693004,55.594591,54.819487,0.314809,653.031221,0.767158,-0.099476,1.0101e-06,0.0002458146
539,11.850271,54.760865,81.396746,20881.060506,55.587646,54.814442,0.315309,649.565998,0.763157,-0.065072,1.0101e-06,0.0002458139
540,11.980983,54.795585,81.383764,20880.22372,55.585439,54.809133,0.31336,656.667292,0.771575,-0.016455,1.0102e-06,0.0002458132
541,20.396923,54.404577,81.391994,20880.754225,55.586838,54.384118,0.414583,1109.268675,1.313562,0.024848,1.0102e-06,0.0002458128
542,20.412582,54.384657,81.418269,20882.447735,55.591306,54.338302,0.464261,1109.185051,1.31457,0.0563,1.0102e-06,0.0002458128
543,20.442073,54.320195,81.420484,20882.590511,55.591682,54.30835,0.493451,1110.175252,1.31647,0.014386,1.0102e-06,0.0002458132
544,20.301205,54.326332,81.430505,20883.236476,55.593386,54.303346,0.505602,1102.423365,1.307398,0.027917,1.0102e-06,0.0002458134
545,18.739222,54.392575,81.435689,20883.570614,55.594268,54.377193,0.492992,1018.986285,1.206806,0.018683,1.0102e-06,0.0002458136
546,18.849501,54.36966,81.426711,20882.991897,55.592741,54.37455,0.489847,1024.933131,1.213908,-0.005939,1.0102e-06,0.0002458137
547,18.832616,54.361788,81.412673,20882.087081,55.590354,54.373944,0.488718,1024.003604,1.21282,-0.014764,1.0102e-06,0.0002458137
548,19.001916,54.428704,81.443,20884.041842,55.595511,54.377136,0.484141,1033.269769,1.223723,0.062632,1.0102e-06,0.0002458136
549,18.872374,54.323004,81.404591,20881.566139,55.58898,54.370108,0.489643,1026.093015,1.215381,-0.05721,1.0102e-06,0.0002458139
550,18.635104,54.34837,81.379204,20879.929821,55.584663,54.376893,0.48771,1013.319058,1.200101,-0.034643,1.0102e-06,0.0002458136
551,15.96325,54.546703,81.391788,20880.74094,55.586803,54.521879,0.448104,870.346385,1.028033,0.03015,1.0103e-06,0.0002458132
552,15.865519,54.600501,81.419504,20882.527378,55.591516,54.554008,0.424464,865.527654,1.021739,0.056467,1.0103e-06,0.0002458132
553,16.000539,54.449523,81.354837,20878.359233,55.58052,54.535517,0.426742,872.597674,1.030435,-0.104444,1.0103e-06,0.0002458135
554,15.928702,54.424883,81.280926,20873.595245,55.567954,54.52418,0.428289,868.499419,1.025808,-0.120599,1.0103e-06,0.000245813
555,14.887241,54.579563,81.273137,20873.093209,55.56663,54.584427,0.40696,812.611515,0.958738,-0.005907,1.0103e-06,0.000245812
556,14.908438,54.597699,81.270848,20872.945663,55.56624,54.594662,0.395517,813.921132,0.960103,0.003689,1.0103e-06,0.0002458116
557,14.940885,54.587473,81.260487,20872.277867,55.564479,54.596004,0.391159,815.712624,0.962193,-0.010361,1.0104e-06,0.0002458115
558,15.225375,54.67918,81.310755,20875.517922,55.573025,54.600595,0.384121,831.314539,0.980514,0.095442,1.0104e-06,0.0002458115
559,18.628724,54.486764,81.342668,20877.574899,55.578451,54.433079,0.425558,1014.018802,1.19969,0.065203,1.0104e-06,0.000245812
560,18.556795,54.358474,81.30796,20875.337745,55.57255,54.400402,0.455113,1009.497111,1.195058,-0.050923,1.0104e-06,0.0002458127
561,19.028779,54.274002,81.250606,20871.641014,55.562799,54.348223,0.479304,1034.180325,1.225453,-0.090143,1.0104e-06,0.0002458126
562,18.886218,54.316055,81.225962,20870.052501,55.55861,54.343409,0.485437,1026.341476,1.216272,-0.033222,1.0104e-06,0.0002458119
563,18.7784,54.365538,81.230785,20870.3634,55.55943,54.350655,0.483178,1020.618331,1.209329,0.018076,1.0104e-06,0.0002458114
564,19.054581,54.331411,81.222926,20869.856815,55.558094,54.334609,0.487216,1035.323199,1.227115,-0.003883,1.0105e-06,0.0002458114
565,18.789648,54.401495,81.249531,20871.571675,55.562617,54.355354,0.48123,1021.317969,1.210053,0.056039,1.0105e-06,0.0002458113
566,18.762233,54.327658,81.228607,20870.223048,55.55906,54.349723,0.484364,1019.722167,1.208288,-0.026798,1.0105e-06,0.0002458116
567,11.99112,54.720594,81.239098,20870.899234,55.560843,54.700458,0.397048,655.919755,0.772228,0.024456,1.0105e-06,0.0002458116
568,12.132608,54.711808,81.221915,20869.791644,55.557922,54.731318,0.3578,664.033629,0.78134,-0.023696,1.0105e-06,0.0002458117
569,11.93263,54.796913,81.237863,20870.819627,55.560633,54.768971,0.330585,653.537867,0.768461,0.033936,1.0105e-06,0.0002458116
570,11.974925,54.782404,81.237142,20870.773156,55.56051,54.778361,0.319438,655.966768,0.771185,0.00491,1.0105e-06,0.0002458118
571,11.99745,54.76218,81.222256,20869.813676,55.55798,54.77845,0.315948,657.20172,0.772636,-0.019761,1.0105e-06,0.0002458119
572,11.880046,54.821438,81.238385,20870.853255,55.560722,54.793261,0.308416,650.946457,0.765075,0.034222,1.0105e-06,0.0002458118
573,11.835735,54.858624,81.270772,20872.940758,55.566228,54.807139,0.301755,648.682777,0.762221,0.062529,1.0105e-06,0.0002458119
574,12.032596,54.736725,81.233808,20870.558275,55.559944,54.784654,0.31035,659.201609,0.774899,-0.058211,1.0105e-06,0.0002458123
575,12.042454,54.808723,81.24459,20871.253217,55.561777,54.788148,0.308308,659.783755,0.775534,0.024988,1.0105e-06,0.0002458121
576,12.114324,54.85791,81.284038,20873.795826,55.568483,54.796178,0.304208,663.818651,0.780162,0.074976,1.0105e-06,0.0002458121
577,11.945037,54.764084,81.259655,20872.224253,55.564338,54.794,0.308782,654.516353,0.76926,-0.036334,1.0105e-06,0.0002458125
578,11.909103,54.749871,81.229798,20870.299793,55.559262,54.787658,0.311436,652.471867,0.766946,-0.045894,1.0105e-06,0.0002458124
579,11.888034,54.812576,81.239008,20870.893433,55.560828,54.794321,0.307153,651.396757,0.765589,0.02217,1.0105e-06,0.0002458121
580,12.00229,54.773195,81.226783,20870.105429,55.558749,54.785647,0.309334,657.553217,0.772947,-0.015123,1.0105e-06,0.000245812
581,11.889262,54.814561,81.236843,20870.753856,55.56046,54.795087,0.305972,651.473141,0.765668,0.023652,1.0105e-06,0.0002458119
582,11.92476,54.74456,81.205791,20868.752421,55.555181,54.784055,0.310353,653.286706,0.767955,-0.047967,1.0105e-06,0.0002458119
583,11.977249,54.782743,81.2025,20868.540296,55.554621,54.782387,0.309434,656.142287,0.771335,0.000433,1.0105e-06,0.0002458116
584,11.839494,54.836724,81.226228,20870.069692,55.558655,54.797659,0.303518,648.776558,0.762463,0.047445,1.0105e-06,0.0002458115
585,12.126902,54.796808,81.231356,20870.400227,55.559527,54.784309,0.306634,664.36395,0.780972,0.01518,1.0105e-06,0.0002458117
586,12.019656,54.820526,81.247393,20871.43387,55.562253,54.792422,0.305391,658.586068,0.774066,0.034133,1.0105e-06,0.0002458119
587,11.995362,54.838122,81.27089,20872.948378,55.566248,54.799325,0.303422,657.337743,0.772501,0.04712,1.0105e-06,0.0002458121
588,12.248401,54.796979,81.275267,20873.230492,55.566992,54.785507,0.308206,671.034862,0.788797,0.013933,1.0105e-06,0.0002458125
589,12.066038,54.836025,81.297728,20874.678252,55.57081,54.798686,0.305893,661.203026,0.777053,0.04535,1.0105e-06,0.0002458126
590,11.949294,54.735334,81.25613,20871.997018,55.563738,54.789946,0.312072,654.701169,0.769535,-0.066328,1.0105e-06,0.0002458129
591,12.1359,54.712708,81.212859,20869.207974,55.556382,54.769644,0.317807,664.678928,0.781552,-0.069151,1.0105e-06,0.0002458125
592,12.268326,54.834065,81.248996,20871.53723,55.562526,54.777013,0.311464,672.022255,0.79008,0.06929,1.0105e-06,0.0002458119
593,12.028154,54.792496,81.248896,20871.530773,55.562509,54.78754,0.310201,658.99297,0.774613,0.006019,1.0105e-06,0.0002458121
594,12.262704,54.742027,81.226296,20870.074029,55.558667,54.769253,0.315582,671.619143,0.789718,-0.033067,1.0105e-06,0.0002458121
595,11.825971,54.758828,81.204418,20868.663937,55.554948,54.785203,0.312789,647.888219,0.761593,-0.032032,1.0105e-06,0.0002458119
596,11.96073,54.737809,81.175712,20866.813666,55.550068,54.773925,0.31398,655.136131,0.770271,-0.043863,1.0105e-06,0.0002458116
597,12.023079,54.794327,81.184405,20867.373963,55.551545,54.776757,0.310217,658.585272,0.774286,0.021339,1.0105e-06,0.0002458112
598,11.877921,54.867079,81.228667,20870.226864,55.55907,54.798536,0.301571,650.892683,0.764938,0.083246,1.0106e-06,0.0002458112
599,11.791189,54.722488,81.180561,20867.126204,55.550892,54.786506,0.308775,645.998047,0.759353,-0.077751,1.0106e-06,0.0002458117
600,12.056418,54.775347,81.177326,20866.917655,55.550342,54.774877,0.309605,660.388818,0.776433,0.00057,1.0106e-06,0.0002458114
