time_s,cycle_name,current_true_a,current_meas_a,terminal_true_v,terminal_meas_v,soc_true_percent,ocv_pack_v,v1_pack_v,power_true_w
1,heavy,20.5,20.478386,54.949892,54.941247,83.811579,55.998966,0.256955,1126.47278
2,heavy,20.5,20.483303,54.816933,54.852032,83.805521,55.997933,0.38888,1123.747129
3,heavy,20.5,20.480862,54.748167,54.673299,83.799463,55.996899,0.456612,1122.337422
4,heavy,20.5,20.549848,54.712358,54.698991,83.793405,55.995865,0.491387,1121.603343
5,heavy,18.8,18.767456,54.780553,54.786347,83.78785,55.994917,0.487933,1029.874389
6,heavy,18.8,18.834845,54.781378,54.839556,83.782294,55.99397,0.486159,1029.88991
7,heavy,18.8,18.898495,54.781341,54.786866,83.776739,55.993022,0.485249,1029.889208
8,heavy,18.8,18.689252,54.78086,54.730127,83.771183,55.992074,0.484781,1029.880177
9,heavy,18.8,18.836951,54.780153,54.845707,83.765628,55.991126,0.484541,1029.866869
10,heavy,18.8,18.806249,54.779328,54.774012,83.760072,55.990178,0.484418,1029.851366
11,heavy,16.0,16.079766,54.921873,54.849196,83.755344,55.989371,0.449259,878.749965
12,heavy,16.0,15.953158,54.939118,54.963636,83.750616,55.988565,0.431207,879.025881
13,heavy,16.0,16.131011,54.947579,54.935547,83.745888,55.987758,0.421939,879.161261
14,heavy,16.0,16.05649,54.95153,54.963941,83.74116,55.986951,0.417181,879.224487
15,heavy,15.0,15.117349,55.004392,54.94873,83.736727,55.986195,0.402203,825.065873
16,heavy,15.0,15.085238,55.011325,54.935599,83.732294,55.985439,0.394514,825.169874
17,heavy,15.0,14.607008,55.014517,54.984172,83.727862,55.984682,0.390566,825.21775
18,heavy,15.0,14.862628,55.015787,55.059588,83.723429,55.983926,0.388539,825.236811
19,heavy,18.8,18.89964,54.821418,54.760464,83.717874,55.982978,0.435129,1030.642652
20,heavy,18.8,18.927104,54.79655,54.74644,83.712318,55.982031,0.459049,1030.175136
21,heavy,18.8,18.787063,54.783321,54.768626,83.706762,55.981083,0.47133,1029.926435
22,heavy,18.8,18.817163,54.776068,54.817,83.701207,55.980135,0.477635,1029.790077
23,heavy,18.8,18.895762,54.771883,54.789377,83.695651,55.979187,0.480872,1029.711398
24,heavy,18.8,18.897492,54.769273,54.793198,83.690096,55.978239,0.482534,1029.662333
25,heavy,18.8,18.705952,54.767472,54.731603,83.68454,55.977292,0.483388,1029.628472
26,heavy,18.8,18.729505,54.766086,54.791052,83.678985,55.976344,0.483826,1029.602418
27,heavy,12.0,11.962483,55.113242,55.23003,83.675439,55.975739,0.398817,661.358903
28,heavy,12.0,11.877106,55.156282,55.101338,83.671892,55.975134,0.355172,661.875384
29,heavy,12.0,12.115271,55.178085,55.249178,83.668346,55.974529,0.332764,662.137021
30,heavy,12.0,12.075854,55.188985,55.230776,83.6648,55.973924,0.321259,662.267818
31,heavy,12.0,12.213952,55.194287,55.189585,83.661254,55.973319,0.315352,662.33144
32,heavy,12.0,11.786556,55.196714,55.17011,83.657708,55.972714,0.31232,662.360572
33,heavy,12.0,12.142934,55.197666,55.125482,83.654162,55.972109,0.310763,662.371996
34,heavy,12.0,12.00503,55.197861,55.210523,83.650616,55.971504,0.309963,662.37433
35,heavy,12.0,11.952661,55.197666,55.233848,83.64707,55.970899,0.309553,662.371995
36,heavy,12.0,12.087117,55.197272,55.313342,83.643524,55.970294,0.309342,662.367265
37,heavy,12.0,12.092995,55.196775,55.166305,83.639978,55.969689,0.309234,662.361303
38,heavy,12.0,11.91573,55.196226,55.154647,83.636431,55.969085,0.309179,662.354711
39,heavy,12.0,12.142841,55.19565,55.167308,83.632885,55.96848,0.30915,662.347794
40,heavy,12.0,11.989461,55.195059,55.232524,83.629339,55.967875,0.309135,662.340711
41,heavy,12.0,11.891481,55.194462,55.179779,83.625793,55.96727,0.309128,662.333543
42,heavy,12.0,11.723807,55.193861,55.139737,83.622247,55.966665,0.309124,662.32633
43,heavy,12.0,11.91484,55.193258,55.214046,83.618701,55.96606,0.309122,662.319095
44,heavy,12.0,12.179024,55.192654,55.191731,83.615155,55.965455,0.309121,662.311849
45,heavy,12.0,12.039205,55.19205,55.200448,83.611609,55.96485,0.309121,662.304596
46,heavy,12.0,12.162711,55.191445,55.236113,83.608063,55.964245,0.30912,662.297341
47,heavy,12.0,12.041054,55.19084,55.140293,83.604517,55.96364,0.30912,662.290083
48,heavy,12.0,12.135508,55.190235,55.209288,83.60097,55.963036,0.30912,662.282826
49,heavy,12.0,12.184041,55.189631,55.188135,83.597424,55.962431,0.30912,662.275567
50,heavy,12.0,12.292965,55.189026,55.171082,83.593878,55.961826,0.30912,662.268309
51,heavy,12.0,12.238959,55.188421,55.194177,83.590332,55.961221,0.30912,662.26105
52,heavy,12.0,11.92256,55.187816,55.131394,83.586786,55.960616,0.30912,662.253792
53,heavy,12.0,11.977345,55.187211,55.258377,83.58324,55.960011,0.30912,662.246533
54,heavy,12.0,12.122456,55.186606,55.22105,83.579694,55.959406,0.30912,662.239275
55,heavy,12.0,11.643619,55.186001,55.22155,83.576148,55.958801,0.30912,662.232017
56,heavy,12.0,12.083378,55.185397,55.1579,83.572602,55.958197,0.30912,662.224759
57,heavy,12.0,11.905892,55.184792,55.184676,83.569056,55.957592,0.30912,662.2175
58,heavy,12.0,12.258731,55.184187,55.131432,83.565509,55.956987,0.30912,662.210242
59,heavy,12.0,11.935829,55.183582,55.251671,83.561963,55.956382,0.30912,662.202984
60,heavy,12.0,11.933077,55.182977,55.164765,83.558417,55.955777,0.30912,662.195726
61,heavy,20.5,20.514666,54.746962,54.684897,83.552359,55.954744,0.415662,1122.312714
62,heavy,20.5,20.532992,54.691228,54.630747,83.546301,55.953711,0.470363,1121.17017
63,heavy,20.5,20.63278,54.66211,54.662269,83.540244,55.952677,0.498447,1120.573261
64,heavy,20.5,20.842515,54.646658,54.6607,83.534186,55.951644,0.512866,1120.256492
65,heavy,18.8,19.004853,54.725304,54.660141,83.52863,55.950697,0.49896,1028.835718
66,heavy,18.8,18.781679,54.731496,54.747653,83.523075,55.949749,0.491821,1028.952123
67,heavy,18.8,19.061858,54.734214,54.650168,83.517519,55.948801,0.488156,1029.00322
68,heavy,18.8,18.948593,54.735148,54.764716,83.511963,55.947854,0.486274,1029.020786
69,heavy,18.8,19.030032,54.735167,54.770786,83.506408,55.946906,0.485307,1029.021137
70,heavy,18.8,18.807811,54.734715,54.708633,83.500852,55.945959,0.484811,1029.01265
71,heavy,16.0,15.812773,54.877452,54.887223,83.496124,55.945152,0.44946,878.039231
72,heavy,16.0,15.971245,54.894795,54.995809,83.491396,55.944346,0.431311,878.316725
73,heavy,16.0,15.908346,54.903307,54.919327,83.486668,55.94354,0.421992,878.452917
74,heavy,16.0,15.76465,54.907285,54.887512,83.48194,55.942733,0.417208,878.516563
75,heavy,15.0,15.039172,54.96016,55.001358,83.477507,55.941977,0.402217,824.402399
76,heavy,15.0,15.217215,54.9671,54.964893,83.473075,55.941221,0.394521,824.506507
77,heavy,15.0,14.832413,54.970296,54.993189,83.468642,55.940465,0.390569,824.55444
78,heavy,15.0,15.077548,54.971569,54.996152,83.464209,55.939709,0.388541,824.573532
79,heavy,18.8,18.694957,54.7772,54.83387,83.458654,55.938762,0.43513,1029.811366
80,heavy,18.8,18.813184,54.752333,54.787324,83.453098,55.937815,0.459049,1029.343865
81,heavy,18.8,18.991111,54.739105,54.769569,83.447543,55.936867,0.47133,1029.095175
82,heavy,18.8,18.842977,54.731852,54.839492,83.441987,55.93592,0.477635,1028.958826
83,heavy,18.8,18.836555,54.727668,54.71287,83.436431,55.934972,0.480872,1028.880156
84,heavy,18.8,18.816795,54.725058,54.799197,83.430876,55.934025,0.482534,1028.831099
85,heavy,18.8,18.817807,54.723258,54.749227,83.42532,55.933077,0.483388,1028.797246
86,heavy,18.8,18.97936,54.721872,54.696229,83.419765,55.93213,0.483826,1028.771199
87,heavy,12.0,11.741015,55.069028,55.084,83.416219,55.931525,0.398817,660.82834
88,heavy,12.0,12.03446,55.112069,55.081668,83.412673,55.930921,0.355172,661.344824
89,heavy,12.0,12.130663,55.133872,55.16425,83.409127,55.930316,0.332764,661.606464
90,heavy,12.0,11.850751,55.144772,55.170683,83.40558,55.929711,0.321259,661.737264
91,heavy,12.0,11.970584,55.150074,55.075923,83.402034,55.929106,0.315352,661.800887
92,heavy,12.0,12.067943,55.152502,55.150241,83.398488,55.928502,0.31232,661.830022
93,heavy,12.0,11.888208,55.153454,55.179601,83.394942,55.927897,0.310763,661.841449
94,heavy,12.0,12.073214,55.153649,55.124772,83.391396,55.927292,0.309963,661.843785
95,heavy,12.0,12.060053,55.153455,55.204208,83.38785,55.926688,0.309553,661.841454
96,heavy,12.0,11.8931,55.153061,55.172105,83.384304,55.926083,0.309342,661.836727
97,heavy,12.0,12.000413,55.152564,55.265865,83.380758,55.925478,0.309234,661.830769
98,heavy,12.0,11.720655,55.152015,55.186779,83.377212,55.924874,0.309179,661.824179
99,heavy,12.0,11.954063,55.151439,55.146429,83.373666,55.924269,0.30915,661.817265
100,heavy,12.0,12.285238,55.150849,55.15042,83.370119,55.923664,0.309135,661.810185
101,heavy,12.0,12.336142,55.150252,55.128144,83.366573,55.92306,0.309128,661.803019
102,heavy,12.0,12.052577,55.149651,55.125108,83.363027,55.922455,0.309124,661.795809
103,heavy,12.0,11.896397,55.149048,55.152172,83.359481,55.92185,0.309122,661.788577
104,heavy,12.0,11.957614,55.148444,55.158569,83.355935,55.921245,0.309121,661.781333
105,heavy,12.0,11.684246,55.14784,55.247964,83.352389,55.920641,0.309121,661.774083
106,heavy,12.0,11.97495,55.147236,55.234381,83.348843,55.920036,0.30912,661.76683
107,heavy,12.0,11.848933,55.146631,55.161258,83.345297,55.919431,0.30912,661.759576
108,heavy,12.0,12.474741,55.146027,55.10254,83.341751,55.918827,0.30912,661.75232
109,heavy,12.0,11.775705,55.145422,55.118097,83.338205,55.918222,0.30912,661.745065
110,heavy,12.0,12.070873,55.144817,55.179484,83.334658,55.917618,0.30912,661.73781
111,heavy,12.0,12.193555,55.144213,55.131362,83.331112,55.917013,0.30912,661.730554
112,heavy,12.0,11.759662,55.143608,55.121857,83.327566,55.916408,0.30912,661.723299
113,heavy,12.0,12.186033,55.143004,55.166287,83.32402,55.915804,0.30912,661.716043
114,heavy,12.0,11.706459,55.142399,55.140646,83.320474,55.915199,0.30912,661.708788
115,heavy,12.0,12.209725,55.141794,55.248122,83.316928,55.914594,0.30912,661.701532
116,heavy,12.0,12.084253,55.14119,55.156655,83.313382,55.91399,0.30912,661.694276
117,heavy,12.0,11.813969,55.140585,55.098423,83.309836,55.913385,0.30912,661.687021
118,heavy,12.0,12.007037,55.13998,55.16514,83.30629,55.91278,0.30912,661.679765
119,heavy,12.0,12.087028,55.139376,55.115465,83.302744,55.912176,0.30912,661.67251
120,heavy,12.0,11.827209,55.138771,55.099882,83.299197,55.911571,0.30912,661.665254
121,heavy,20.5,20.326454,54.702756,54.734927,83.29314,55.910538,0.415662,1121.4065
122,heavy,20.5,20.153158,54.647023,54.630359,83.287082,55.909505,0.470363,1120.263964
123,heavy,20.5,20.567482,54.617906,54.694006,83.281024,55.908473,0.498447,1119.667065
124,heavy,20.5,20.510695,54.602454,54.652518,83.274966,55.90744,0.512866,1119.350304
125,heavy,18.8,18.740149,54.6811,54.64388,83.26941,55.906493,0.49896,1028.004683
126,heavy,18.8,18.698841,54.687292,54.763659,83.263855,55.905545,0.491821,1028.121095
127,heavy,18.8,18.949133,54.690011,54.71438,83.258299,55.904598,0.488156,1028.172199
128,heavy,18.8,19.29954,54.690945,54.689328,83.252744,55.903651,0.486274,1028.189771
129,heavy,18.8,18.893052,54.690964,54.706344,83.247188,55.902704,0.485307,1028.190129
130,heavy,18.8,18.766717,54.690513,54.806322,83.241632,55.901757,0.484811,1028.181648
131,heavy,16.0,16.225991,54.83325,54.763276,83.236904,55.900951,0.44946,877.332001
132,heavy,16.0,15.940023,54.850594,54.872011,83.232176,55.900145,0.431311,877.609501
133,heavy,16.0,16.117477,54.859106,54.791684,83.227448,55.899338,0.421992,877.745698
134,heavy,16.0,15.661666,54.863084,54.767766,83.22272,55.898532,0.417208,877.809349
135,heavy,15.0,14.989333,54.915959,54.910799,83.218287,55.897777,0.402217,823.73939
136,heavy,15.0,15.051783,54.9229,54.884416,83.213855,55.897021,0.394521,823.843502
137,heavy,15.0,14.816364,54.926096,54.824944,83.209422,55.896265,0.390569,823.891439
138,heavy,15.0,15.049378,54.927369,54.945872,83.204989,55.89551,0.388541,823.910535
139,heavy,18.8,18.948949,54.733001,54.772541,83.199434,55.894563,0.43513,1028.980416
140,heavy,18.8,18.771393,54.708134,54.775597,83.193878,55.893615,0.459049,1028.512922
141,heavy,18.8,18.779545,54.694906,54.661865,83.188323,55.892668,0.47133,1028.26424
142,heavy,18.8,18.721913,54.687654,54.658414,83.182767,55.891721,0.477635,1028.127898
143,heavy,18.8,18.475139,54.68347,54.691286,83.177212,55.890774,0.480872,1028.049235
144,heavy,18.8,18.837483,54.680861,54.662748,83.171656,55.889827,0.482534,1028.000185
145,heavy,18.8,18.692924,54.679061,54.697651,83.166101,55.88888,0.483388,1027.966338
146,heavy,18.8,19.057531,54.677675,54.679588,83.160545,55.887933,0.483826,1027.940297
147,heavy,12.0,11.923855,55.024832,54.995259,83.156999,55.887329,0.398817,660.29798
148,heavy,12.0,11.989537,55.067872,55.004634,83.153453,55.886724,0.355172,660.814466
149,heavy,12.0,11.981211,55.089676,55.092735,83.149907,55.88612,0.332764,661.076109
150,heavy,12.0,12.276702,55.100576,55.14775,83.146361,55.885515,0.321259,661.206911
151,heavy,12.0,12.155104,55.105878,55.070231,83.142814,55.884911,0.315352,661.270538
152,heavy,12.0,12.100488,55.108306,55.051337,83.139268,55.884306,0.31232,661.299676
153,heavy,12.0,12.046794,55.109259,55.130196,83.135722,55.883702,0.310763,661.311106
154,heavy,12.0,11.885039,55.109454,55.209423,83.132176,55.883097,0.309963,661.313445
155,heavy,12.0,12.085106,55.10926,55.014123,83.12863,55.882493,0.309553,661.311117
156,heavy,12.0,12.082929,55.108866,55.088495,83.125084,55.881888,0.309342,661.306392
157,heavy,12.0,12.000206,55.10837,55.131658,83.121538,55.881284,0.309234,661.300437
158,heavy,12.0,12.05858,55.107821,55.005863,83.117992,55.880679,0.309179,661.29385
159,heavy,12.0,11.826252,55.107245,55.145876,83.114446,55.880075,0.30915,661.286939
160,heavy,12.0,12.195181,55.106655,55.201813,83.1109,55.879471,0.309135,661.279861
161,heavy,12.0,12.270475,55.106058,55.003281,83.107353,55.878866,0.309128,661.272697
162,heavy,12.0,12.115422,55.105458,55.009643,83.103807,55.878262,0.309124,661.26549
163,heavy,12.0,12.24204,55.104855,55.117523,83.100261,55.877657,0.309122,661.258261
164,heavy,12.0,11.828825,55.104252,55.204747,83.096715,55.877053,0.309121,661.251019
165,heavy,12.0,12.096596,55.103648,55.00909,83.093169,55.876448,0.309121,661.243772
166,heavy,12.0,12.04402,55.103044,55.066487,83.089623,55.875844,0.30912,661.236523
167,heavy,12.0,12.016694,55.102439,55.07918,83.086077,55.875239,0.30912,661.229271
168,heavy,12.0,12.206024,55.101835,55.030671,83.082531,55.874635,0.30912,661.222019
169,heavy,12.0,12.047611,55.101231,55.19194,83.078985,55.874031,0.30912,661.214767
170,heavy,12.0,11.875956,55.100626,55.111159,83.075439,55.873426,0.30912,661.207514
171,heavy,12.0,12.0303,55.100022,55.065537,83.071892,55.872822,0.30912,661.200261
172,heavy,12.0,12.097184,55.099417,55.10427,83.068346,55.872217,0.30912,661.193008
173,heavy,12.0,11.858435,55.098813,55.186914,83.0648,55.871613,0.30912,661.185755
174,heavy,12.0,12.118742,55.098209,55.089853,83.061254,55.871009,0.30912,661.178502
175,heavy,12.0,11.904499,55.097604,55.058386,83.057708,55.870404,0.30912,661.171249
176,heavy,12.0,12.184641,55.097,55.089676,83.054162,55.8698,0.30912,661.163996
177,heavy,12.0,12.068916,55.096395,55.087172,83.050616,55.869195,0.30912,661.156743
178,heavy,12.0,12.092461,55.095791,55.089992,83.04707,55.868591,0.30912,661.14949
179,heavy,12.0,12.114578,55.095186,55.086026,83.043524,55.867986,0.30912,661.142238
180,heavy,12.0,12.124438,55.094582,55.128201,83.039978,55.867382,0.30912,661.134985
181,heavy,20.5,20.482509,54.658567,54.615579,83.03392,55.86635,0.415662,1120.500633
182,heavy,20.5,20.358982,54.602834,54.565798,83.027862,55.865317,0.470363,1119.358106
183,heavy,20.5,20.352327,54.573718,54.617008,83.021804,55.864285,0.498447,1118.761214
184,heavy,20.5,20.49301,54.558266,54.636771,83.015746,55.863252,0.512866,1118.44446
185,heavy,18.8,19.141899,54.636913,54.638124,83.01019,55.862305,0.49896,1027.173965
186,heavy,18.8,18.567797,54.643106,54.624033,83.004635,55.861359,0.491821,1027.290384
187,heavy,18.8,18.788698,54.645824,54.571402,82.999079,55.860412,0.488156,1027.341493
188,heavy,18.8,18.762426,54.646759,54.661107,82.993524,55.859465,0.486274,1027.359073
189,heavy,18.8,18.731086,54.646779,54.608357,82.987968,55.858518,0.485307,1027.359438
190,heavy,18.8,18.686186,54.646328,54.735662,82.982413,55.857571,0.484811,1027.350965
191,heavy,16.0,15.976053,54.789065,54.747569,82.977684,55.856766,0.44946,876.625042
192,heavy,16.0,15.944065,54.806409,54.854126,82.972956,55.85596,0.431311,876.902546
193,heavy,16.0,15.897297,54.814922,54.839014,82.968228,55.855154,0.421992,877.038748
194,heavy,16.0,16.109183,54.8189,54.856356,82.9635,55.854348,0.417208,877.102403
195,heavy,15.0,15.209954,54.871775,54.844251,82.959067,55.853593,0.402217,823.076632
196,heavy,15.0,15.16991,54.878717,54.839074,82.954635,55.852837,0.394521,823.180748
197,heavy,15.0,14.940519,54.881913,54.941717,82.950202,55.852082,0.390569,823.228689
198,heavy,15.0,15.123356,54.883186,54.883291,82.94577,55.851327,0.388541,823.24779
199,heavy,18.8,18.621288,54.688818,54.716901,82.940214,55.85038,0.43513,1028.149784
200,heavy,18.8,18.705444,54.663952,54.617758,82.934658,55.849433,0.459049,1027.682297
201,heavy,18.8,18.70278,54.650725,54.663049,82.929103,55.848487,0.47133,1027.433621
202,heavy,18.8,18.481845,54.643473,54.661511,82.923547,55.84754,0.477635,1027.297286
203,heavy,18.8,18.826086,54.639289,54.610062,82.917992,55.846593,0.480872,1027.218629
204,heavy,18.8,18.955539,54.63668,54.667252,82.912436,55.845646,0.482534,1027.169585
205,heavy,18.8,18.709057,54.63488,54.601379,82.906881,55.8447,0.483388,1027.135745
206,heavy,18.8,18.904273,54.633495,54.557692,82.901325,55.843753,0.483826,1027.109711
207,heavy,12.0,11.950107,54.980652,54.949099,82.897779,55.843149,0.398817,659.767821
208,heavy,12.0,12.010482,55.023693,55.034249,82.894233,55.842544,0.355172,660.28431
209,heavy,12.0,12.005518,55.045496,55.102239,82.890687,55.84194,0.332764,660.545956
210,heavy,12.0,12.034209,55.056397,55.040647,82.887141,55.841336,0.321259,660.676762
211,heavy,12.0,11.818372,55.061699,55.097792,82.883595,55.840732,0.315352,660.740391
212,heavy,12.0,12.079222,55.064128,55.136668,82.880048,55.840128,0.31232,660.769532
213,heavy,12.0,11.887882,55.06508,55.066401,82.876502,55.839523,0.310763,660.780965
214,heavy,12.0,11.991196,55.065276,55.060895,82.872956,55.838919,0.309963,660.783307
215,heavy,12.0,12.001559,55.065082,54.979355,82.86941,55.838315,0.309553,660.780981
216,heavy,12.0,12.123748,55.064688,55.097348,82.865864,55.837711,0.309342,660.776258
217,heavy,12.0,12.169571,55.064192,55.176671,82.862318,55.837106,0.309234,660.770306
218,heavy,12.0,11.952155,55.063643,55.061836,82.858772,55.836502,0.309179,660.763721
219,heavy,12.0,12.001468,55.063068,55.160177,82.855226,55.835898,0.30915,660.756813
220,heavy,12.0,11.740317,55.062478,55.086767,82.85168,55.835294,0.309135,660.749738
221,heavy,12.0,11.779375,55.061881,54.932803,82.848134,55.834689,0.309128,660.742577
222,heavy,12.0,11.696875,55.061281,54.992193,82.844588,55.834085,0.309124,660.735373
223,heavy,12.0,12.160354,55.060679,55.017261,82.841041,55.833481,0.309122,660.728146
224,heavy,12.0,11.965881,55.060076,55.0019,82.837495,55.832877,0.309121,660.720908
225,heavy,12.0,12.091643,55.059472,55.004374,82.833949,55.832273,0.309121,660.713664
226,heavy,12.0,12.197648,55.058868,55.009213,82.830403,55.831668,0.30912,660.706417
227,heavy,12.0,11.885276,55.058264,55.064401,82.826857,55.831064,0.30912,660.699168
228,heavy,12.0,12.003707,55.05766,55.128894,82.823311,55.83046,0.30912,660.691919
229,heavy,12.0,12.018061,55.057056,54.996664,82.819765,55.829856,0.30912,660.684669
230,heavy,12.0,11.91595,55.056452,55.027812,82.816219,55.829252,0.30912,660.677419
231,heavy,12.0,12.108756,55.055847,55.075037,82.812673,55.828647,0.30912,660.670169
232,heavy,12.0,11.982091,55.055243,55.098724,82.809127,55.828043,0.30912,660.662918
233,heavy,12.0,11.920726,55.054639,55.047827,82.80558,55.827439,0.30912,660.655668
234,heavy,12.0,12.027114,55.054035,55.130444,82.802034,55.826835,0.30912,660.648418
235,heavy,12.0,11.98522,55.053431,55.035891,82.798488,55.826231,0.30912,660.641167
236,heavy,12.0,11.843124,55.052826,55.087129,82.794942,55.825626,0.30912,660.633918
237,heavy,12.0,11.911853,55.052222,55.069407,82.791396,55.825022,0.30912,660.626668
238,heavy,12.0,11.714759,55.051618,55.103778,82.78785,55.824418,0.30912,660.619418
239,heavy,12.0,11.800209,55.051014,55.012147,82.784304,55.823814,0.30912,660.612168
240,heavy,12.0,12.158787,55.05041,54.983686,82.780758,55.82321,0.30912,660.604918
241,heavy,20.5,20.488082,54.614396,54.618108,82.7747,55.822178,0.415662,1119.595109
242,heavy,20.5,20.350216,54.558663,54.62581,82.768642,55.821146,0.470363,1118.452589
243,heavy,20.5,20.724817,54.529547,54.430966,82.762584,55.820114,0.498447,1117.855705
244,heavy,20.5,20.282651,54.514096,54.554507,82.756526,55.819081,0.512866,1117.538959
245,heavy,18.8,18.604546,54.592743,54.573311,82.75097,55.818135,0.49896,1026.34356
246,heavy,18.8,18.819433,54.598935,54.633528,82.745415,55.817189,0.491821,1026.459987
247,heavy,18.8,18.766512,54.601654,54.606416,82.739859,55.816242,0.488156,1026.511104
248,heavy,18.8,18.68349,54.60259,54.667208,82.734304,55.815296,0.486274,1026.528691
249,heavy,18.8,18.725703,54.60261,54.619596,82.728748,55.814349,0.485307,1026.529063
250,heavy,18.8,18.723254,54.602159,54.607476,82.723193,55.813403,0.484811,1026.520596
251,heavy,16.0,15.974776,54.744897,54.736774,82.718465,55.812597,0.44946,875.918349
252,heavy,16.0,15.847933,54.762241,54.802062,82.713736,55.811792,0.431311,876.195857
253,heavy,16.0,16.212106,54.770754,54.782911,82.709008,55.810986,0.421992,876.332064
254,heavy,16.0,16.10985,54.774733,54.816636,82.70428,55.810181,0.417208,876.395724
255,heavy,15.0,15.139198,54.827608,54.842776,82.699848,55.809426,0.402217,822.414125
256,heavy,15.0,15.031839,54.83455,54.87775,82.695415,55.808671,0.394521,822.518246
257,heavy,15.0,15.010325,54.837746,54.78905,82.690982,55.807916,0.390569,822.566192
258,heavy,15.0,15.003577,54.83902,54.744599,82.68655,55.80716,0.388541,822.585297
259,heavy,18.8,18.799115,54.644652,54.665321,82.680994,55.806214,0.43513,1027.319466
260,heavy,18.8,18.985397,54.619786,54.62735,82.675439,55.805268,0.459049,1026.851985
261,heavy,18.8,18.939221,54.606559,54.606532,82.669883,55.804321,0.47133,1026.603316
262,heavy,18.8,18.646479,54.599308,54.528739,82.664327,55.803375,0.477635,1026.466987
263,heavy,18.8,18.65454,54.595124,54.526817,82.658772,55.802429,0.480872,1026.388337
264,heavy,18.8,18.895056,54.592516,54.582135,82.653216,55.801482,0.482534,1026.339299
265,heavy,18.8,18.885547,54.590716,54.594388,82.647661,55.800536,0.483388,1026.305466
266,heavy,18.8,18.956607,54.589332,54.642342,82.642105,55.79959,0.483826,1026.279439
267,heavy,12.0,11.903199,54.936489,54.922773,82.638559,55.798986,0.398817,659.237864
268,heavy,12.0,11.920076,54.97953,54.898464,82.635013,55.798382,0.355172,659.754356
269,heavy,12.0,12.101283,55.001334,55.060773,82.631467,55.797778,0.332764,660.016004
270,heavy,12.0,11.999036,55.012234,54.987575,82.627921,55.797174,0.321259,660.146812
271,heavy,12.0,12.163636,55.017537,54.900289,82.624375,55.796569,0.315352,660.210444
272,heavy,12.0,12.026621,55.019966,55.02713,82.620829,55.795965,0.31232,660.239587
273,heavy,12.0,11.914371,55.020919,55.090497,82.617283,55.795361,0.310763,660.251023
274,heavy,12.0,12.14561,55.021114,55.008056,82.613736,55.794757,0.309963,660.253367
275,heavy,12.0,11.986996,55.02092,55.001519,82.61019,55.794153,0.309553,660.251044
276,heavy,12.0,11.923182,55.020527,54.955117,82.606644,55.793549,0.309342,660.246324
277,heavy,12.0,12.206992,55.020031,55.071431,82.603098,55.792945,0.309234,660.240374
278,heavy,12.0,12.119725,55.019483,54.964766,82.599552,55.792341,0.309179,660.233793
279,heavy,12.0,12.312127,55.018907,55.117916,82.596006,55.791737,0.30915,660.226887
280,heavy,12.0,12.028209,55.018318,54.973107,82.59246,55.791133,0.309135,660.219815
281,heavy,12.0,11.870035,55.017721,55.038649,82.588914,55.790529,0.309128,660.212658
282,heavy,12.0,11.863048,55.017121,55.015411,82.585368,55.789925,0.309124,660.205456
283,heavy,12.0,12.163297,55.016519,54.941178,82.581822,55.789321,0.309122,660.198232
284,heavy,12.0,12.300859,55.015916,55.094252,82.578275,55.788717,0.309121,660.190997
285,heavy,12.0,11.814437,55.015313,54.944631,82.574729,55.788113,0.309121,660.183755
286,heavy,12.0,11.957487,55.014709,54.963152,82.571183,55.78751,0.30912,660.176511
287,heavy,12.0,11.960442,55.014105,54.885046,82.567637,55.786906,0.30912,660.169265
288,heavy,12.0,11.965695,55.013501,55.103644,82.564091,55.786302,0.30912,660.162018
289,heavy,12.0,11.832511,55.012898,54.999244,82.560545,55.785698,0.30912,660.15477
290,heavy,12.0,11.776559,55.012294,55.044205,82.556999,55.785094,0.30912,660.147523
291,heavy,12.0,11.966202,55.01169,55.108726,82.553453,55.78449,0.30912,660.140275
292,heavy,12.0,12.031026,55.011086,54.992477,82.549907,55.783886,0.30912,660.133028
293,heavy,12.0,12.082541,55.010482,54.98517,82.546361,55.783282,0.30912,660.125781
294,heavy,12.0,11.799104,55.009878,55.024975,82.542814,55.782678,0.30912,660.118534
295,heavy,12.0,11.97377,55.009274,55.01759,82.539268,55.782074,0.30912,660.111286
296,heavy,12.0,12.056319,55.00867,54.983154,82.535722,55.78147,0.30912,660.104039
297,heavy,12.0,12.063236,55.008066,55.094951,82.532176,55.780866,0.30912,660.096792
298,heavy,12.0,11.83383,55.007462,55.094333,82.52863,55.780262,0.30912,660.089545
299,heavy,12.0,11.96358,55.006858,54.968527,82.525084,55.779658,0.30912,660.082297
300,heavy,12.0,12.364083,55.006254,55.014005,82.521538,55.779054,0.30912,660.07505
301,heavy,20.5,20.70556,54.57024,54.61112,82.51548,55.778022,0.415662,1118.689925
302,heavy,20.5,20.247911,54.514508,54.520549,82.509422,55.776991,0.470363,1117.547413
303,heavy,20.5,20.421202,54.485392,54.418302,82.503364,55.775959,0.498447,1116.950536
304,heavy,20.5,20.234243,54.469941,54.475056,82.497306,55.774927,0.512866,1116.633799
305,heavy,18.8,18.888538,54.548589,54.568122,82.491751,55.773981,0.49896,1025.51347
306,heavy,18.8,18.754126,54.554782,54.514856,82.486195,55.773035,0.491821,1025.629903
307,heavy,18.8,18.651971,54.557501,54.529743,82.48064,55.772089,0.488156,1025.681027
308,heavy,18.8,18.645042,54.558437,54.548274,82.475084,55.771143,0.486274,1025.69862
309,heavy,18.8,18.796567,54.558457,54.513658,82.469528,55.770197,0.485307,1025.698998
310,heavy,18.8,18.765192,54.558007,54.519991,82.463973,55.769251,0.484811,1025.690537
311,heavy,16.0,15.999329,54.700745,54.726099,82.459245,55.768446,0.44946,875.211921
312,heavy,16.0,16.026719,54.71809,54.741697,82.454517,55.76764,0.431311,875.489434
313,heavy,16.0,15.752198,54.726603,54.707668,82.449788,55.766835,0.421992,875.625646
314,heavy,16.0,16.041511,54.730582,54.76264,82.44506,55.76603,0.417208,875.689312
315,heavy,15.0,14.760299,54.783458,54.791417,82.440628,55.765275,0.402217,821.751868
316,heavy,15.0,15.180963,54.7904,54.781469,82.436195,55.76452,0.394521,821.855993
317,heavy,15.0,14.985786,54.793596,54.816119,82.431762,55.763766,0.390569,821.903943
318,heavy,15.0,15.037068,54.79487,54.828602,82.42733,55.763011,0.388541,821.923052
319,heavy,18.8,18.810862,54.600503,54.608128,82.421774,55.762065,0.43513,1026.489458
320,heavy,18.8,18.682633,54.575637,54.567116,82.416219,55.761119,0.459049,1026.021984
321,heavy,18.8,18.987968,54.562411,54.552202,82.410663,55.760173,0.47133,1025.773321
322,heavy,18.8,18.774715,54.55516,54.530584,82.405108,55.759227,0.477635,1025.636999
323,heavy,18.8,18.918078,54.550976,54.508242,82.399552,55.758281,0.480872,1025.558356
324,heavy,18.8,18.936575,54.548368,54.50152,82.393996,55.757335,0.482534,1025.509326
325,heavy,18.8,18.641333,54.546569,54.556866,82.388441,55.756389,0.483388,1025.4755
326,heavy,18.8,18.819527,54.545185,54.560063,82.382885,55.755443,0.483826,1025.449479
327,heavy,12.0,12.159381,54.892342,54.871717,82.379339,55.754839,0.398817,658.708105
328,heavy,12.0,12.066449,54.935383,54.889892,82.375793,55.754235,0.355172,659.224599
329,heavy,12.0,12.188875,54.957188,54.98881,82.372247,55.753631,0.332764,659.48625
330,heavy,12.0,12.080478,54.968088,54.977482,82.368701,55.753028,0.321259,659.617061
331,heavy,12.0,11.88216,54.973391,54.957023,82.365155,55.752424,0.315352,659.680696
332,heavy,12.0,12.075267,54.97582,54.974861,82.361609,55.75182,0.31232,659.709841
333,heavy,12.0,12.018562,54.976773,54.908782,82.358063,55.751216,0.310763,659.721279
334,heavy,12.0,12.027164,54.976969,54.942373,82.354517,55.750612,0.309963,659.723626
335,heavy,12.0,11.8375,54.976776,54.969041,82.35097,55.750009,0.309553,659.721306
336,heavy,12.0,11.721524,54.976382,55.011311,82.347424,55.749405,0.309342,659.71659
337,heavy,12.0,12.127802,54.975887,54.973215,82.343878,55.748801,0.309234,659.710643
338,heavy,12.0,11.850933,54.975339,54.92807,82.340332,55.748197,0.309179,659.704064
339,heavy,12.0,11.977332,54.974763,54.853577,82.336786,55.747594,0.30915,659.697161
340,heavy,12.0,12.027072,54.974174,55.007396,82.33324,55.74699,0.309135,659.690092
341,heavy,12.0,11.953216,54.973578,54.948858,82.329694,55.746386,0.309128,659.682937
342,heavy,12.0,12.027295,54.972978,54.99051,82.326148,55.745782,0.309124,659.675738
343,heavy,12.0,12.164123,54.972376,54.973296,82.322602,55.745178,0.309122,659.668516
344,heavy,12.0,11.896536,54.971774,54.94871,82.319056,55.744575,0.309121,659.661283
345,heavy,12.0,12.027292,54.97117,55.04898,82.315509,55.743971,0.309121,659.654044
346,heavy,12.0,11.951959,54.970567,54.917941,82.311963,55.743367,0.30912,659.646802
347,heavy,12.0,11.869484,54.969963,54.865147,82.308417,55.742763,0.30912,659.639559
348,heavy,12.0,12.049469,54.96936,54.901293,82.304871,55.74216,0.30912,659.632315
349,heavy,12.0,11.814974,54.968756,54.869955,82.301325,55.741556,0.30912,659.62507
350,heavy,12.0,11.832302,54.968152,54.996573,82.297779,55.740952,0.30912,659.617826
351,heavy,12.0,11.803297,54.967548,54.880066,82.294233,55.740348,0.30912,659.610581
352,heavy,12.0,12.026739,54.966945,54.949886,82.290687,55.739745,0.30912,659.603337
353,heavy,12.0,12.064829,54.966341,55.003369,82.287141,55.739141,0.30912,659.596092
354,heavy,12.0,11.998725,54.965737,54.900849,82.283595,55.738537,0.30912,659.588847
355,heavy,12.0,11.98143,54.965134,54.990147,82.280048,55.737934,0.30912,659.581603
356,heavy,12.0,11.912552,54.96453,54.892657,82.276502,55.73733,0.30912,659.574358
357,heavy,12.0,12.165392,54.963926,54.943164,82.272956,55.736726,0.30912,659.567113
358,heavy,12.0,11.938615,54.963322,54.964121,82.26941,55.736122,0.30912,659.559869
359,heavy,12.0,12.154571,54.962719,54.9759,82.265864,55.735519,0.30912,659.552624
360,heavy,12.0,11.950016,54.962115,54.996222,82.262318,55.734915,0.30912,659.545379
361,heavy,20.5,20.822054,54.526101,54.595491,82.25626,55.733884,0.415662,1117.785079
362,heavy,20.5,20.600931,54.47037,54.414256,82.250202,55.732852,0.470363,1116.642576
363,heavy,20.5,21.062809,54.441254,54.381321,82.244144,55.731821,0.498447,1116.045708
364,heavy,20.5,20.44423,54.425804,54.390809,82.238086,55.73079,0.512866,1115.728979
365,heavy,18.8,19.044034,54.504452,54.525464,82.232531,55.729844,0.49896,1024.68369
366,heavy,18.8,18.585931,54.510645,54.524025,82.226975,55.728898,0.491821,1024.800129
367,heavy,18.8,18.882036,54.513365,54.497441,82.22142,55.727952,0.488156,1024.851259
368,heavy,18.8,18.616972,54.514301,54.478049,82.215864,55.727007,0.486274,1024.868858
369,heavy,18.8,18.734473,54.514321,54.515458,82.210309,55.726061,0.485307,1024.869243
370,heavy,18.8,18.722014,54.513872,54.550633,82.204753,55.725115,0.484811,1024.860789
371,heavy,16.0,15.857508,54.65661,54.57004,82.200025,55.72431,0.44946,874.505757
372,heavy,16.0,15.889091,54.673955,54.741399,82.195297,55.723505,0.431311,874.783276
373,heavy,16.0,15.914027,54.682468,54.799509,82.190569,55.722701,0.421992,874.919493
374,heavy,16.0,16.073723,54.686448,54.628226,82.18584,55.721896,0.417208,874.983163
375,heavy,15.0,14.874857,54.739324,54.751492,82.181408,55.721141,0.402217,821.089857
376,heavy,15.0,14.823353,54.746266,54.864995,82.176975,55.720387,0.394521,821.193986
377,heavy,15.0,14.851366,54.749463,54.78351,82.172543,55.719632,0.390569,821.241941
378,heavy,15.0,15.219019,54.750737,54.745277,82.16811,55.718878,0.388541,821.261054
379,heavy,18.8,18.650621,54.55637,54.542717,82.162554,55.717932,0.43513,1025.65976
380,heavy,18.8,18.854332,54.531505,54.575293,82.156999,55.716986,0.459049,1025.192292
381,heavy,18.8,18.808508,54.518279,54.448267,82.151443,55.716041,0.47133,1024.943637
382,heavy,18.8,18.806349,54.511028,54.47736,82.145888,55.715095,0.477635,1024.807322
383,heavy,18.8,18.472515,54.506845,54.471967,82.140332,55.714149,0.480872,1024.728686
384,heavy,18.8,18.585132,54.504237,54.53358,82.134777,55.713204,0.482534,1024.679662
385,heavy,18.8,19.091625,54.502438,54.595376,82.129221,55.712258,0.483388,1024.645842
386,heavy,18.8,18.714019,54.501055,54.477685,82.123666,55.711312,0.483826,1024.619827
387,heavy,12.0,12.103317,54.848212,54.901276,82.120119,55.710709,0.398817,658.178543
388,heavy,12.0,11.937189,54.891253,54.884121,82.116573,55.710105,0.355172,658.695039
389,heavy,12.0,12.331039,54.913058,54.907685,82.113027,55.709502,0.332764,658.956693
390,heavy,12.0,11.927202,54.923959,54.929955,82.109481,55.708898,0.321259,659.087506
391,heavy,12.0,12.086955,54.929262,54.87818,82.105935,55.708294,0.315352,659.151144
392,heavy,12.0,11.96274,54.931691,54.873373,82.102389,55.707691,0.31232,659.180293
393,heavy,12.0,11.95826,54.932644,55.026491,82.098843,55.707087,0.310763,659.191734
394,heavy,12.0,12.111258,54.93284,54.928213,82.095297,55.706484,0.309963,659.194084
395,heavy,12.0,11.860033,54.932647,54.917077,82.091751,55.70588,0.309553,659.191766
396,heavy,12.0,12.15761,54.932254,54.90417,82.088205,55.705277,0.309342,659.187052
397,heavy,12.0,12.217563,54.931759,54.863077,82.084658,55.704673,0.309234,659.181108
398,heavy,12.0,11.956493,54.931211,55.018349,82.081112,55.70407,0.309179,659.174532
399,heavy,12.0,11.698824,54.930636,54.990057,82.077566,55.703466,0.30915,659.167631
400,heavy,12.0,11.722293,54.930047,54.925543,82.07402,55.702862,0.309135,659.160564
401,heavy,12.0,11.97412,54.929451,54.970666,82.070474,55.702259,0.309128,659.153412
402,heavy,12.0,11.526819,54.928851,54.832961,82.066928,55.701655,0.309124,659.146215
403,heavy,12.0,11.915098,54.92825,54.930094,82.063382,55.701052,0.309122,659.138997
404,heavy,12.0,11.866017,54.927647,54.916604,82.059836,55.700448,0.309121,659.131766
405,heavy,12.0,11.822074,54.927044,54.906981,82.05629,55.699845,0.309121,659.12453
406,heavy,12.0,11.872985,54.926441,54.938642,82.052744,55.699241,0.30912,659.117291
407,heavy,12.0,12.087213,54.925838,54.997484,82.049197,55.698638,0.30912,659.110051
408,heavy,12.0,11.901537,54.925234,54.909335,82.045651,55.698034,0.30912,659.10281
409,heavy,12.0,12.007162,54.924631,54.909885,82.042105,55.697431,0.30912,659.095568
410,heavy,12.0,11.992201,54.924027,54.845918,82.038559,55.696827,0.30912,659.088326
411,heavy,12.0,12.055763,54.923424,54.877664,82.035013,55.696224,0.30912,659.081084
412,heavy,12.0,11.856456,54.92282,54.843414,82.031467,55.69562,0.30912,659.073842
413,heavy,12.0,12.17415,54.922217,54.915186,82.027921,55.695017,0.30912,659.0666
414,heavy,12.0,12.172424,54.921613,54.935228,82.024375,55.694413,0.30912,659.059358
415,heavy,12.0,11.744496,54.92101,54.866825,82.020829,55.69381,0.30912,659.052116
416,heavy,12.0,12.11369,54.920406,54.882122,82.017283,55.693206,0.30912,659.044873
417,heavy,12.0,11.836448,54.919803,54.910834,82.013736,55.692603,0.30912,659.037631
418,heavy,12.0,11.973455,54.919199,54.868606,82.01019,55.691999,0.30912,659.030389
419,heavy,12.0,11.951078,54.918596,54.894671,82.006644,55.691396,0.30912,659.023148
420,heavy,12.0,11.611502,54.917992,54.943125,82.003098,55.690792,0.30912,659.015906
421,heavy,20.5,20.378294,54.481979,54.547201,81.99704,55.689761,0.415662,1116.880571
422,heavy,20.5,20.327481,54.426248,54.347268,81.990982,55.68873,0.470363,1115.738075
423,heavy,20.5,20.678144,54.397132,54.31788,81.984924,55.687699,0.498447,1115.141214
424,heavy,20.5,20.404574,54.381683,54.411549,81.978866,55.686668,0.512866,1114.824492
425,heavy,18.8,18.750553,54.460331,54.377557,81.973311,55.685723,0.49896,1023.854216
426,heavy,18.8,18.828205,54.466525,54.456808,81.967755,55.684778,0.491821,1023.970661
427,heavy,18.8,18.992578,54.469245,54.498677,81.9622,55.683832,0.488156,1024.021798
428,heavy,18.8,19.255357,54.470181,54.387886,81.956644,55.682887,0.486274,1024.039404
429,heavy,18.8,18.796749,54.470202,54.416869,81.951089,55.681941,0.485307,1024.039796
430,heavy,18.8,18.973213,54.469753,54.510845,81.945533,55.680996,0.484811,1024.031349
431,heavy,16.0,16.113106,54.612491,54.573624,81.940805,55.680191,0.44946,873.799856
432,heavy,16.0,15.888227,54.629836,54.528352,81.936077,55.679387,0.431311,874.077379
433,heavy,16.0,16.256425,54.63835,54.663761,81.931349,55.678582,0.421992,874.213601
434,heavy,16.0,15.960871,54.64233,54.689005,81.926621,55.677778,0.417208,874.277275
435,heavy,15.0,15.112637,54.695206,54.743969,81.922188,55.677023,0.402217,820.428091
436,heavy,15.0,14.756469,54.702148,54.666456,81.917755,55.676269,0.394521,820.532224
437,heavy,15.0,15.029316,54.705346,54.723117,81.913323,55.675515,0.390569,820.580183
438,heavy,15.0,15.143585,54.70662,54.656188,81.90889,55.674761,0.388541,820.5993
439,heavy,18.8,18.819081,54.512254,54.622521,81.903335,55.673815,0.43513,1024.830369
440,heavy,18.8,18.903788,54.487389,54.530917,81.897779,55.67287,0.459049,1024.362909
441,heavy,18.8,18.797122,54.474163,54.512544,81.892223,55.671925,0.47133,1024.11426
442,heavy,18.8,19.070598,54.466912,54.472244,81.886668,55.670979,0.477635,1023.977952
443,heavy,18.8,18.983597,54.46273,54.418973,81.881112,55.670034,0.480872,1023.899321
444,heavy,18.8,18.888515,54.460123,54.505333,81.875557,55.669089,0.482534,1023.850304
445,heavy,18.8,18.687199,54.458324,54.51323,81.870001,55.668144,0.483388,1023.81649
446,heavy,18.8,18.698713,54.456941,54.416679,81.864446,55.667198,0.483826,1023.790482
447,heavy,12.0,11.999821,54.804098,54.900697,81.8609,55.666595,0.398817,657.649176
448,heavy,12.0,12.046373,54.84714,54.893929,81.857353,55.665992,0.355172,658.165675
449,heavy,12.0,11.89023,54.868944,54.872819,81.853807,55.665388,0.332764,658.427332
450,heavy,12.0,11.823517,54.879846,54.85129,81.850261,55.664785,0.321259,658.558148
451,heavy,12.0,12.125346,54.885149,54.883229,81.846715,55.664182,0.315352,658.621789
452,heavy,12.0,12.217694,54.887578,54.877458,81.843169,55.663578,0.31232,658.65094
453,heavy,12.0,11.97031,54.888532,54.952366,81.839623,55.662975,0.310763,658.662384
454,heavy,12.0,11.902708,54.888728,54.81274,81.836077,55.662371,0.309963,658.664736
455,heavy,12.0,12.195192,54.888535,54.909244,81.832531,55.661768,0.309553,658.662421
456,heavy,12.0,11.675221,54.888142,54.890369,81.828985,55.661165,0.309342,658.65771
457,heavy,12.0,11.939432,54.887647,54.974889,81.825439,55.660561,0.309234,658.651768
458,heavy,12.0,11.890651,54.8871,54.858061,81.821892,55.659958,0.309179,658.645194
459,heavy,12.0,11.86344,54.886525,54.833822,81.818346,55.659355,0.30915,658.638296
460,heavy,12.0,11.894926,54.885936,54.81414,81.8148,55.658751,0.309135,658.631232
461,heavy,12.0,11.84532,54.88534,54.805011,81.811254,55.658148,0.309128,658.624082
462,heavy,12.0,11.775408,54.884741,54.806757,81.807708,55.657545,0.309124,658.616889
463,heavy,12.0,11.921826,54.884139,54.849955,81.804162,55.656942,0.309122,658.609673
464,heavy,12.0,11.816029,54.883537,54.907451,81.800616,55.656338,0.309121,658.602446
465,heavy,12.0,11.992789,54.882934,54.861336,81.79707,55.655735,0.309121,658.595212
466,heavy,12.0,11.930404,54.882331,54.961975,81.793524,55.655132,0.30912,658.587976
467,heavy,12.0,12.035972,54.881728,54.905497,81.789978,55.654528,0.30912,658.580738
468,heavy,12.0,11.612094,54.881125,54.848438,81.786431,55.653925,0.30912,658.573499
469,heavy,12.0,11.674349,54.880522,54.859211,81.782885,55.653322,0.30912,658.56626
470,heavy,12.0,12.055997,54.879918,54.846204,81.779339,55.652718,0.30912,658.559021
471,heavy,12.0,12.077791,54.879315,54.828178,81.775793,55.652115,0.30912,658.551781
472,heavy,12.0,12.08637,54.878712,54.801031,81.772247,55.651512,0.30912,658.544542
473,heavy,12.0,11.960747,54.878109,54.899099,81.768701,55.650909,0.30912,658.537302
474,heavy,12.0,12.080388,54.877505,54.871142,81.765155,55.650305,0.30912,658.530063
475,heavy,12.0,12.290957,54.876902,54.856181,81.761609,55.649702,0.30912,658.522823
476,heavy,12.0,11.932351,54.876299,54.738323,81.758063,55.649099,0.30912,658.515584
477,heavy,12.0,12.26534,54.875695,54.857246,81.754517,55.648495,0.30912,658.508345
478,heavy,12.0,11.823598,54.875092,54.941137,81.75097,55.647892,0.30912,658.501106
479,heavy,12.0,12.185326,54.874489,54.879905,81.747424,55.647289,0.30912,658.493867
480,heavy,12.0,11.784762,54.873886,54.894834,81.743878,55.646686,0.30912,658.486628
481,heavy,20.5,20.406791,54.437873,54.379334,81.73782,55.645655,0.415662,1115.976395
482,heavy,20.5,20.656506,54.382142,54.275512,81.731762,55.644625,0.470363,1114.833906
483,heavy,20.5,20.585074,54.353027,54.375995,81.725705,55.643594,0.498447,1114.237053
484,heavy,20.5,20.807652,54.337577,54.353836,81.719647,55.642563,0.512866,1113.920339
485,heavy,18.8,18.491235,54.416226,54.37442,81.714091,55.641618,0.49896,1023.025047
486,heavy,18.8,18.8097,54.42242,54.440198,81.708535,55.640673,0.491821,1023.1415
487,heavy,18.8,18.947122,54.425141,54.327157,81.70298,55.639728,0.488156,1023.192644
488,heavy,18.8,18.750508,54.426077,54.474571,81.697424,55.638783,0.486274,1023.210257
489,heavy,18.8,19.031595,54.426099,54.51915,81.691869,55.637838,0.485307,1023.210655
490,heavy,18.8,18.741467,54.42565,54.48053,81.686313,55.636893,0.484811,1023.202214
491,heavy,16.0,16.256757,54.568388,54.628292,81.681585,55.636089,0.44946,873.094213
492,heavy,16.0,16.108553,54.585734,54.627124,81.676857,55.635285,0.431311,873.371741
493,heavy,16.0,15.881517,54.594248,54.521885,81.672129,55.63448,0.421992,873.507967
494,heavy,16.0,16.147427,54.598228,54.580875,81.667401,55.633676,0.417208,873.571646
495,heavy,15.0,14.99578,54.651105,54.622169,81.662968,55.632922,0.402217,819.766569
496,heavy,15.0,14.941064,54.658047,54.669685,81.658535,55.632168,0.394521,819.870706
497,heavy,15.0,14.846721,54.661245,54.66467,81.654103,55.631414,0.390569,819.918669
498,heavy,15.0,15.036908,54.662519,54.658652,81.64967,55.63066,0.388541,819.937791
499,heavy,18.8,18.688456,54.468153,54.507484,81.644115,55.629715,0.43513,1024.001284
500,heavy,18.8,19.080896,54.443289,54.413227,81.638559,55.62877,0.459049,1023.53383
501,heavy,18.8,18.985169,54.430063,54.474526,81.633004,55.627825,0.47133,1023.285187
502,heavy,18.8,18.402012,54.422813,54.384753,81.627448,55.62688,0.477635,1023.148885
503,heavy,18.8,18.704624,54.418631,54.457719,81.621892,55.625935,0.480872,1023.070261
504,heavy,18.8,18.828273,54.416024,54.439744,81.616337,55.62499,0.482534,1023.021249
505,heavy,18.8,18.895442,54.414226,54.36928,81.610781,55.624045,0.483388,1022.987443
506,heavy,18.8,18.688018,54.412843,54.351698,81.605226,55.6231,0.483826,1022.961442
507,heavy,12.0,11.974459,54.76,54.754045,81.60168,55.622497,0.398817,657.120004
508,heavy,12.0,12.025681,54.803042,54.766677,81.598134,55.621894,0.355172,657.636506
509,heavy,12.0,12.135979,54.824847,54.870703,81.594588,55.621291,0.332764,657.898166
510,heavy,12.0,12.231978,54.835749,54.871314,81.591041,55.620688,0.321259,658.028985
511,heavy,12.0,12.027827,54.841052,54.874673,81.587495,55.620085,0.315352,658.092628
512,heavy,12.0,12.091463,54.843482,54.810891,81.583949,55.619482,0.31232,658.121781
513,heavy,12.0,12.193408,54.844436,54.930362,81.580403,55.618878,0.310763,658.133227
514,heavy,12.0,12.296543,54.844632,54.846393,81.576857,55.618275,0.309963,658.135583
515,heavy,12.0,12.048641,54.844439,54.865257,81.573311,55.617672,0.309553,658.13327
516,heavy,12.0,11.999618,54.844047,54.875011,81.569765,55.617069,0.309342,658.128561
517,heavy,12.0,11.981823,54.843552,54.833863,81.566219,55.616466,0.309234,658.122622
518,heavy,12.0,12.263847,54.843004,54.85124,81.562673,55.615863,0.309179,658.116051
519,heavy,12.0,12.010052,54.84243,54.886531,81.559127,55.61526,0.30915,658.109156
520,heavy,12.0,12.02255,54.841841,54.856422,81.55558,55.614657,0.309135,658.102095
521,heavy,12.0,11.990465,54.841246,54.780225,81.552034,55.614054,0.309128,658.094948
522,heavy,12.0,11.995354,54.840646,54.783802,81.548488,55.613451,0.309124,658.087757
523,heavy,12.0,12.031523,54.840045,54.780973,81.544942,55.612847,0.309122,658.080544
524,heavy,12.0,12.137506,54.839443,54.876905,81.541396,55.612244,0.309121,658.073319
525,heavy,12.0,12.042064,54.838841,54.833834,81.53785,55.611641,0.309121,658.066088
526,heavy,12.0,12.062445,54.838238,54.739988,81.534304,55.611038,0.30912,658.058854
527,heavy,12.0,11.835477,54.837635,54.830198,81.530758,55.610435,0.30912,658.051619
528,heavy,12.0,12.051789,54.837032,54.833062,81.527212,55.609832,0.30912,658.044383
529,heavy,12.0,11.849308,54.836429,54.843101,81.523666,55.609229,0.30912,658.037146
530,heavy,12.0,11.931945,54.835826,54.782396,81.520119,55.608626,0.30912,658.029909
531,heavy,12.0,12.049425,54.835223,54.824724,81.516573,55.608023,0.30912,658.022672
532,heavy,12.0,12.179472,54.83462,54.867896,81.513027,55.60742,0.30912,658.015436
533,heavy,12.0,12.110201,54.834017,54.8501,81.509481,55.606817,0.30912,658.008199
534,heavy,12.0,11.873223,54.833414,54.786632,81.505935,55.606214,0.30912,658.000963
535,heavy,12.0,11.779326,54.83281,54.976761,81.502389,55.60561,0.30912,657.993726
536,heavy,12.0,11.838083,54.832207,54.821716,81.498843,55.605007,0.30912,657.986489
537,heavy,12.0,11.945942,54.831604,54.81755,81.495297,55.604404,0.30912,657.979253
538,heavy,12.0,11.912392,54.831001,54.737584,81.491751,55.603801,0.30912,657.972016
539,heavy,12.0,11.850271,54.830398,54.760865,81.488205,55.603198,0.30912,657.96478
540,heavy,12.0,11.980983,54.829795,54.795585,81.484658,55.602595,0.30912,657.957543
541,heavy,20.5,20.396923,54.393783,54.404577,81.478601,55.601565,0.415662,1115.072549
542,heavy,20.5,20.412582,54.338052,54.384657,81.472543,55.600535,0.470363,1113.930068
543,heavy,20.5,20.442073,54.308938,54.320195,81.466485,55.599505,0.498447,1113.333222
544,heavy,20.5,20.301205,54.293489,54.326332,81.460427,55.598475,0.512866,1113.016516
545,heavy,18.8,18.739222,54.372137,54.392575,81.454871,55.59753,0.49896,1022.196183
546,heavy,18.8,18.849501,54.378332,54.36966,81.449316,55.596585,0.491821,1022.312642
547,heavy,18.8,18.832616,54.381053,54.361788,81.44376,55.59564,0.488156,1022.363792
548,heavy,18.8,19.001916,54.38199,54.428704,81.438205,55.594696,0.486274,1022.381412
549,heavy,18.8,18.872374,54.382011,54.323004,81.432649,55.593751,0.485307,1022.381816
550,heavy,18.8,18.635104,54.381563,54.34837,81.427093,55.592806,0.484811,1022.373381
551,heavy,16.0,15.96325,54.524302,54.546703,81.422365,55.592002,0.44946,872.388828
552,heavy,16.0,15.865519,54.541648,54.600501,81.417637,55.591198,0.431311,872.66636
553,heavy,16.0,16.000539,54.550162,54.449523,81.412909,55.590394,0.421992,872.802592
554,heavy,16.0,15.928702,54.554142,54.424883,81.408181,55.58959,0.417208,872.866276
555,heavy,15.0,14.887241,54.607019,54.579563,81.403748,55.588837,0.402217,819.105288
556,heavy,15.0,14.908438,54.613962,54.597699,81.399316,55.588083,0.394521,819.20943
557,heavy,15.0,14.940885,54.61716,54.587473,81.394883,55.587329,0.390569,819.257397
558,heavy,15.0,15.225375,54.618435,54.67918,81.39045,55.586576,0.388541,819.276523
559,heavy,18.8,18.628724,54.424069,54.486764,81.384895,55.585631,0.43513,1023.172501
560,heavy,18.8,18.556795,54.399205,54.358474,81.379339,55.584686,0.459049,1022.705053
561,heavy,18.8,19.028779,54.38598,54.274002,81.373784,55.583742,0.47133,1022.456416
562,heavy,18.8,18.886218,54.37873,54.316055,81.368228,55.582797,0.477635,1022.32012
563,heavy,18.8,18.7784,54.374548,54.365538,81.362673,55.581852,0.480872,1022.241503
564,heavy,18.8,19.054581,54.371941,54.331411,81.357117,55.580908,0.482534,1022.192499
565,heavy,18.8,18.789648,54.370144,54.401495,81.351561,55.579963,0.483388,1022.158699
566,heavy,18.8,18.762233,54.368761,54.327658,81.346006,55.579019,0.483826,1022.132704
567,heavy,12.0,11.99112,54.715919,54.720594,81.34246,55.578416,0.398817,656.591025
568,heavy,12.0,12.132608,54.758961,54.711808,81.338914,55.577813,0.355172,657.10753
569,heavy,12.0,11.93263,54.780766,54.796913,81.335368,55.57721,0.332764,657.369192
570,heavy,12.0,11.974925,54.791668,54.782404,81.331822,55.576607,0.321259,657.500013
571,heavy,12.0,11.99745,54.796972,54.76218,81.328275,55.576004,0.315352,657.563659
572,heavy,12.0,11.880046,54.799401,54.821438,81.324729,55.575401,0.31232,657.592815
573,heavy,12.0,11.835735,54.800355,54.858624,81.321183,55.574798,0.310763,657.604264
574,heavy,12.0,12.032596,54.800552,54.736725,81.317637,55.574195,0.309963,657.606621
575,heavy,12.0,12.042454,54.800359,54.808723,81.314091,55.573592,0.309553,657.604312
576,heavy,12.0,12.114324,54.799967,54.85791,81.310545,55.572989,0.309342,657.599606
577,heavy,12.0,11.945037,54.799472,54.764084,81.306999,55.572387,0.309234,657.593669
578,heavy,12.0,11.909103,54.798925,54.749871,81.303453,55.571784,0.309179,657.587101
579,heavy,12.0,11.888034,54.798351,54.812576,81.299907,55.571181,0.30915,657.580209
580,heavy,12.0,12.00229,54.797763,54.773195,81.296361,55.570578,0.309135,657.57315
581,heavy,12.0,11.889262,54.797167,54.814561,81.292814,55.569975,0.309128,657.566006
582,heavy,12.0,11.92476,54.796568,54.74456,81.289268,55.569372,0.309124,657.558817
583,heavy,12.0,11.977249,54.795967,54.782743,81.285722,55.568769,0.309122,657.551607
584,heavy,12.0,11.839494,54.795365,54.836724,81.282176,55.568166,0.309121,657.544384
585,heavy,12.0,12.126902,54.794763,54.796808,81.27863,55.567564,0.309121,657.537156
586,heavy,12.0,12.019656,54.79416,54.820526,81.275084,55.566961,0.30912,657.529925
587,heavy,12.0,11.995362,54.793558,54.838122,81.271538,55.566358,0.30912,657.522692
588,heavy,12.0,12.248401,54.792955,54.796979,81.267992,55.565755,0.30912,657.515458
589,heavy,12.0,12.066038,54.792352,54.836025,81.264446,55.565152,0.30912,657.508224
590,heavy,12.0,11.949294,54.791749,54.735334,81.2609,55.564549,0.30912,657.500991
591,heavy,12.0,12.1359,54.791146,54.712708,81.257353,55.563946,0.30912,657.493757
592,heavy,12.0,12.268326,54.790544,54.834065,81.253807,55.563344,0.30912,657.486523
593,heavy,12.0,12.028154,54.789941,54.792496,81.250261,55.562741,0.30912,657.479289
594,heavy,12.0,12.262704,54.789338,54.742027,81.246715,55.562138,0.30912,657.472054
595,heavy,12.0,11.825971,54.788735,54.758828,81.243169,55.561535,0.30912,657.46482
596,heavy,12.0,11.96073,54.788132,54.737809,81.239623,55.560932,0.30912,657.457586
597,heavy,12.0,12.023079,54.787529,54.794327,81.236077,55.560329,0.30912,657.450352
598,heavy,12.0,11.877921,54.786927,54.867079,81.232531,55.559727,0.30912,657.443118
599,heavy,12.0,11.791189,54.786324,54.722488,81.228985,55.559124,0.30912,657.435884
600,heavy,12.0,12.056418,54.785721,54.775347,81.225439,55.558521,0.30912,657.42865
